variant,n,d,phase,U_median,Q_median,n_highU_lowQ,n_lowU_highQ,highU_lowQ,lowU_highQ,abs_diff,ratio
vanilla,4,4,early,2.150700889797511,1.4257892552544322,105,105,0.09403804225838036,0.19037912624618786,0.0963410839878075,2.024490532492151
vanilla,4,4,late,1.1740196642337888,0.006540533997654949,293,293,0.004199392373268054,0.007399984704653661,0.003200592331385607,1.7621560566141714
vanilla,4,4,mid,1.606421733032082,0.052425966327201,213,213,0.014298228204521202,0.029395430279859046,0.015097202075337844,2.055879222193698
vanilla,4,6,early,2.147598772285024,1.6457993127616328,90,90,0.09111995822336093,0.2038390959672889,0.11271913774392799,2.237041148193037
vanilla,4,6,late,1.1322882524899487,0.003847029851702,389,389,0.0022431834902658307,0.004225068783652575,0.0019818852933867447,1.8835145684635364
vanilla,4,6,mid,1.3368750978460109,0.026949786759937748,221,221,0.010429962412745705,0.014005829179582999,0.0035758667668372938,1.3428456043587929
vanilla,4,8,early,2.0163447311876066,1.447741103179341,53,53,0.09114360911534743,0.1878715499540895,0.09672794083874207,2.061269591774969
vanilla,4,8,late,0.783473884083034,0.0011984282446701,251,251,0.000862788830214044,0.0034221074093206574,0.0025593185791066135,3.9663325364002313
vanilla,4,8,mid,0.9378701361725936,0.025901442470344947,286,286,0.004583844298316061,0.008833142793319253,0.0042492984950031915,1.9270163248267902
vanilla,6,4,early,2.6898889627314215,0.8763211093596686,131,131,0.09647012768121553,0.14049178655488603,0.0440216588736705,1.456324252198977
vanilla,6,4,late,1.5428345018847018,0.061866458303289545,264,264,0.015468025856053235,0.02140717492683456,0.0059391490707813265,1.3839629650255019
vanilla,6,4,mid,2.2785159016583343,0.22693788130644735,260,260,0.044335246508752695,0.06601963771342023,0.021684391204667537,1.4891004993146162
vanilla,6,6,early,2.895241300452163,1.1001911473384496,137,137,0.11322018399023409,0.18848928680959315,0.07526910281935906,1.6648028661201564
vanilla,6,6,late,2.0309036440536286,0.025816879826124753,338,338,0.013921426996516923,0.01995295193743404,0.006031524940917117,1.433254790793083
vanilla,6,6,mid,2.4666386548806036,0.10018207956230249,226,226,0.03059112501414217,0.04773778964881638,0.017146664634674208,1.560511083745608
vanilla,6,8,early,2.9508425694643323,1.2749900134274004,108,108,0.12062436782248219,0.23946844204375872,0.11884407422127653,1.985241011966789
vanilla,6,8,late,2.1878150655754043,0.015773977342769502,248,248,0.010677431978545345,0.017250343569631076,0.006572911591085731,1.6155891795230337
vanilla,6,8,mid,2.5706520688342733,0.1025820647346751,225,225,0.031854115093111236,0.05415919171338776,0.022305076620276525,1.700225906608224
vanilla,8,4,early,3.0005379894136865,0.5039140353563158,181,181,0.08743762509083902,0.13744881362000969,0.050011188529170664,1.5719641684825496
vanilla,8,4,late,1.9811470030781901,0.1302318832609024,139,139,0.03095670424448888,0.03633147292905148,0.0053747686845626,1.1736221221133207
vanilla,8,4,mid,2.652965091712732,0.3691908766971682,256,256,0.06945459867591164,0.09214142867882547,0.022686830002913827,1.3266425900576417
vanilla,8,6,early,3.3770898194702115,0.299894667432834,151,151,0.0755409010762019,0.11458186548714777,0.03904096441094587,1.5168188869174766
vanilla,8,6,late,2.607694734255905,0.10570434429230495,233,233,0.026364321952837215,0.05113809698839776,0.024773775035560545,1.9396704789100216
vanilla,8,6,mid,2.9308940215457304,0.09355644774454899,359,359,0.03920241905931017,0.06549584558735483,0.02629342652804466,1.6707092867984696
vanilla,8,8,early,3.4645932686902956,0.3527756283788688,115,115,0.08795187068390013,0.127971678173784,0.04001980748988386,1.455019400709684
vanilla,8,8,late,2.833873197524128,0.015474946296561251,249,249,0.015203851626481158,0.020552849422943085,0.005348997796461927,1.3518186001726933
vanilla,8,8,mid,3.155134282747572,0.05134779292644625,195,195,0.030421909108981435,0.046992616420078986,0.01657070731109755,1.544696496585265
vanilla,10,4,early,3.097972171789289,0.6516005068767696,186,186,0.09194334720481484,0.17113518702777575,0.07919183982296091,1.861311255577324
vanilla,10,4,late,2.0527084485355567,0.24436052746205245,134,134,0.04177822964295821,0.056630114630997354,0.014851884988039146,1.3554934020652658
vanilla,10,4,mid,3.008708065162536,0.6303595462058937,251,251,0.1041155602437447,0.13672357839519683,0.03260801815145213,1.3131906323619023
vanilla,10,6,early,3.6313243549000473,0.10191036296609385,205,205,0.04718057274013568,0.07878252668384005,0.03160195394370437,1.669808612069288
vanilla,10,6,late,2.8742497435344205,0.249521338175901,188,188,0.06136281471258667,0.08756344126787115,0.026200626555284476,1.4269788906849188
vanilla,10,6,mid,3.2382510818449726,0.16398321023543883,296,296,0.039103452811818894,0.08492267259924854,0.04581921978742965,2.1717435799833242
vanilla,10,8,early,3.9835290891202986,0.07050042817991056,125,125,0.047423121356525724,0.061003596020416016,0.013580474663890292,1.2863682160816168
vanilla,10,8,late,3.206319670796506,0.00729088278500385,383,383,0.011209074143649665,0.03657371735432888,0.025364643210679213,3.262866931346794
vanilla,10,8,mid,3.651751925991987,0.01838546280823285,274,274,0.019904185910506755,0.03556816641300031,0.015663980502493558,1.7869691618095802
pcgrad,4,4,early,1.932221559956316,2.350174215068221,102,102,0.13285854153362076,0.15953061942554192,0.026672077891921164,1.2007554620428496
pcgrad,4,4,late,1.1570688735744508,0.16992807227659062,375,375,0.005081233217476797,-0.003121021001874919,-0.008202254219351716,-0.6142251040830465
pcgrad,4,4,mid,0.8236538040561058,0.2193724854531343,308,308,0.013119724829269,-0.00423258860001687,-0.017352313429285872,-0.32261260469231196
pcgrad,4,6,early,1.8266404011967834,2.6199969544749218,71,71,0.12571308582808632,0.14170730711507606,0.01599422128698974,1.1272279745710958
pcgrad,4,6,late,1.3763122069017348,1.0230426105220363,413,413,0.011909985593423733,-0.011412779012052341,-0.023322764605476075,-0.9582529653397791
pcgrad,4,6,mid,1.1293724458424679,0.9867527492430488,344,344,0.015945594255388575,-0.002403423953481152,-0.01834901820886973,-0.15072652138185136
pcgrad,4,8,early,1.4006746044399176,3.891936854896488,58,58,0.09262274139084321,0.039339459143817763,-0.05328328224702545,0.42472786437853055
pcgrad,4,8,late,1.7106013962924673,2.99649047856379,347,347,0.01623932182479765,-0.020235908866087945,-0.036475230690885596,-1.2461055384214046
pcgrad,4,8,mid,1.6312384233146107,3.4381124851518052,352,352,0.018030655708291817,-0.008686358911811565,-0.026717014620103383,-0.48175502057958663
pcgrad,6,4,early,2.650865575262353,1.3535345195474244,111,111,0.13274319934004936,0.15917197501881247,0.026428775678763117,1.1990970219955321
pcgrad,6,4,late,0.725401929273195,0.46004429049337187,319,319,0.005437723598757783,-0.013363010487531342,-0.018800734086289125,-2.45746409225067
pcgrad,6,4,mid,1.4636503363857813,0.7070532585741227,315,315,0.05780432734771193,0.02649515285781045,-0.03130917448990148,0.4583593317924701
pcgrad,6,6,early,2.7603761118065107,1.7602438306722223,84,84,0.14623404417411545,0.2032611693637499,0.05702712518963446,1.3899716068970531
pcgrad,6,6,late,1.6341869511957672,0.5547580518759464,230,230,0.020145385639389248,-0.017430823143186554,-0.0375762087825758,-0.8652514007527834
pcgrad,6,6,mid,1.511650178130419,0.3477869660020174,246,246,0.041788082230781835,0.03389178926341795,-0.007896292967363883,0.8110395944050446
pcgrad,6,8,early,2.7224368441134503,2.2380468853316624,60,60,0.17966362099755143,0.22190068464408413,0.04223706364653271,1.2350896826637394
pcgrad,6,8,late,1.8763091848750701,0.7054952767791838,320,320,0.01507677675680634,-0.016143201820552545,-0.031219978577358885,-1.0707329610929452
pcgrad,6,8,mid,1.4708846724261262,0.41237144970710493,226,226,0.03563125375477267,0.0192751349451493,-0.01635611880962337,0.5409614569784109
pcgrad,8,4,early,2.980751799915661,0.92444885875368,198,198,0.11856158724526304,0.18212901546387444,0.0635674282186114,1.536155340828158
pcgrad,8,4,late,1.0083637348875216,0.9037146977650616,341,341,0.016720118418331226,-0.0099831374462497,-0.026703255864580926,-0.5970733697259353
pcgrad,8,4,mid,1.8522147095584738,0.9823769767180173,297,297,0.09059858270442954,0.05227058347479109,-0.03832799922963845,0.5769470328837217
pcgrad,8,6,early,3.292230953254158,0.5146032140131164,128,128,0.0981072818611092,0.14367388649183288,0.04556660463072368,1.464456906422425
pcgrad,8,6,late,1.7441010936177634,0.88097773875791,269,269,0.06000070597193947,0.018790301989939744,-0.041210403981999724,0.3131680150351465
pcgrad,8,6,mid,2.503388914981966,0.33169790659943976,289,289,0.05962128472621811,0.07547261106249954,0.015851326336281432,1.2658669032220788
pcgrad,8,8,early,3.4380232851975965,0.554267316856247,100,100,0.10448094176712275,0.14819536239528422,0.04371442062816147,1.4183961197975838
pcgrad,8,8,late,1.5584627081034226,0.0476965147360838,197,197,0.01630576851230029,0.022172688030602784,0.005866919518302493,1.35980637857558
pcgrad,8,8,mid,2.4934380822576445,0.11380568838742874,203,203,0.03918203110688573,0.04335366227146064,0.004171631164574911,1.106467966226534
pcgrad,10,4,early,3.218803045241209,1.1079811264414112,195,195,0.1284705083252334,0.212962910816898,0.08449240249166459,1.6576793662072644
pcgrad,10,4,late,1.0034204331661716,0.6847544298260557,324,324,0.013482379072689137,-0.010743725025489485,-0.024226104098178623,-0.7968716031173412
pcgrad,10,4,mid,2.092611939455429,1.6245989997910633,285,285,0.13663893388107007,0.07919474219452442,-0.057444191686545645,0.5795913356836873
pcgrad,10,6,early,3.6600992194416726,0.1721543269638024,192,192,0.06484273609949011,0.11052767313808416,0.04568493703859405,1.7045498044453016
pcgrad,10,6,late,2.0602484780651458,1.1957994373469942,352,352,0.09310727993389985,0.03419238534024689,-0.058914894593652956,0.3672364326884136
pcgrad,10,6,mid,2.921071518811362,0.5310536164336224,385,385,0.06993144338333111,0.12790304746938885,0.05797160408605774,1.8289776569930756
pcgrad,10,8,early,3.982998498216661,0.11295806720862636,118,118,0.05961213442225298,0.07955741966477352,0.01994528524252054,1.3345843163615199
pcgrad,10,8,late,2.405412512671676,0.036820170533014146,228,228,0.01968287158008015,0.06523994304252538,0.045557071462445226,3.314554117629401
pcgrad,10,8,mid,3.2468820291551213,0.03813274496577765,250,250,0.02856423097385574,0.0620048655557552,0.033440634581899456,2.170717132644215
lso_pcgrad,4,4,early,2.0341959776225664,2.1955283810387756,110,110,0.11272768328036242,0.18436557408229176,0.07163789080192934,1.6354951039290002
lso_pcgrad,4,4,late,1.0661646849927973,0.00540323254575005,250,250,0.002884429440805203,0.006339963068883689,0.003455533628078486,2.1979955478175457
lso_pcgrad,4,4,mid,1.4340188774414482,0.03932187430034005,273,273,0.01027979781602149,0.029621887090379374,0.019342089274357883,2.881563200028354
lso_pcgrad,4,6,early,1.9793212145662382,2.2606489123963254,80,80,0.09332526206726274,0.18936513622121595,0.09603987415395321,2.0290876449372726
lso_pcgrad,4,6,late,0.9709197711017274,0.0011293449934445,340,340,0.0014633252908380697,0.003264039445849989,0.0018007141550119195,2.2305631333554152
lso_pcgrad,4,6,mid,1.1455603380513548,0.023694594977898102,279,279,0.006448896241009252,0.012082446734968007,0.005633550493958755,1.8735681709583694
lso_pcgrad,4,8,early,1.75839886276772,1.2678751441325042,64,64,0.05514418640288812,0.15016244040601323,0.09501825400312511,2.723087422288066
lso_pcgrad,4,8,late,1.0690898559905466,0.00022342680134859998,286,286,0.0006344445025109669,0.002870243638071279,0.0022357991355603122,4.524026335970441
lso_pcgrad,4,8,mid,1.0874986289533153,0.009505958459527501,362,362,0.0030160698065819437,0.00962589110361368,0.006609821297031736,3.191534586701932
lso_pcgrad,6,4,early,2.658606264303092,1.3143989427775633,108,108,0.12922815546452437,0.1636977278331251,0.03446957236860074,1.2667342286570304
lso_pcgrad,6,4,late,1.1688138814545979,0.04078452538679275,208,208,0.011716957361367712,0.01630389885840741,0.0045869414970396965,1.391478892990037
lso_pcgrad,6,4,mid,1.8903081770005428,0.31228512299333067,253,253,0.041734219638381795,0.06472559333213125,0.022991373693749456,1.5508998105862493
lso_pcgrad,6,6,early,2.7833767159551197,1.7528752525033053,92,92,0.13505750895467197,0.20729980128670603,0.07224229233203405,1.534900227993099
lso_pcgrad,6,6,late,1.8242617151134062,0.01861162279187445,260,260,0.010774880803273462,0.01624329810382037,0.0054684173005469065,1.5075153405767212
lso_pcgrad,6,6,mid,2.158155335586871,0.1152380675234091,232,232,0.0297797876527035,0.05154416638683975,0.02176437873413625,1.730843986799228
lso_pcgrad,6,8,early,2.762909148012316,2.2085718424329692,71,71,0.15962560028748185,0.22927484076496576,0.06964924047748391,1.436328761502211
lso_pcgrad,6,8,late,1.8734227654499518,0.0082580446733411,237,237,0.006787808546439044,0.00979524294837389,0.0030074344019348463,1.4430641172860683
lso_pcgrad,6,8,mid,2.2321162843158615,0.08004293549233324,265,265,0.02519452425147332,0.047119643854344674,0.021925119602871353,1.8702335231271223
lso_pcgrad,8,4,early,2.980751799915661,0.921950600720549,197,197,0.11884192144560349,0.18286805803503597,0.06402613658943249,1.5387504325966206
lso_pcgrad,8,4,late,1.3269894645926834,0.114174408663303,105,105,0.025545449285018736,0.024461924355170812,-0.0010835249298479233,0.9575844246167413
lso_pcgrad,8,4,mid,2.3810317315149208,0.4916036127304195,186,186,0.0771202701131045,0.0991958101903063,0.02207554007720179,1.2862482204072396
lso_pcgrad,8,6,early,3.292230953254158,0.5095961354885934,128,128,0.0981072818611092,0.14392556052977462,0.04581827866866542,1.4670222005898654
lso_pcgrad,8,6,late,2.216493813339101,0.09975534979655735,215,215,0.02963446600544436,0.04378539450392314,0.01415092849847878,1.4775158930104904
lso_pcgrad,8,6,mid,2.709087625711665,0.23939672551359464,294,294,0.049773939878811395,0.0913335583772333,0.0415596184984219,1.8349674267219038
lso_pcgrad,8,8,early,3.4380232851975965,0.554267316856247,100,100,0.1044704370347932,0.14819536239528422,0.043724925360491024,1.4185387426485898
lso_pcgrad,8,8,late,2.3765432646282507,0.01940473981289965,247,247,0.013762464751775071,0.021438455038308463,0.007675990286533391,1.5577482249713555
lso_pcgrad,8,8,mid,2.8774507560460068,0.07304762585057009,241,241,0.030858597562814713,0.04813576508779418,0.017277167524979466,1.5598818121857498
lso_pcgrad,10,4,early,3.218803045241209,1.1079811264414112,195,195,0.1284705083252334,0.21263296168674778,0.08416245336151437,1.6551110792560295
lso_pcgrad,10,4,late,1.4510588486640272,0.17888328671790885,158,158,0.02897441821800401,0.03538700141541976,0.006412583197415753,1.2213187905678509
lso_pcgrad,10,4,mid,2.649957998589401,0.929762971799188,208,208,0.10837408592534897,0.14824303075664635,0.03986894483129738,1.3678826399399595
lso_pcgrad,10,6,early,3.6600992194416726,0.1721543269638024,192,192,0.06484273609949011,0.11052767313808416,0.04568493703859405,1.7045498044453016
lso_pcgrad,10,6,late,2.5672578520650093,0.30525576496383294,197,197,0.05944378000570179,0.0845983231605565,0.025154543154854714,1.4231652689724965
lso_pcgrad,10,6,mid,3.0345396099548223,0.4265650453241176,332,332,0.06445882745642138,0.13479605547058457,0.07033722801416319,2.0911962067835628
lso_pcgrad,10,8,early,3.982998498216661,0.11295806720862636,118,118,0.05961213442225298,0.07955741966477352,0.01994528524252054,1.3345843163615199
lso_pcgrad,10,8,late,2.8112742649870155,0.02595701560777285,361,361,0.014820204551069674,0.049300663887610924,0.03448045933654125,3.326584577002519
lso_pcgrad,10,8,mid,3.3867554647785196,0.03423564646697605,260,260,0.02430366927407234,0.06151981520585626,0.03721614593178392,2.5312974148922804
pcgrad_nm,4,4,early,2.100021006200704,1.5070724683153283,107,107,0.10081408819892355,0.1619906713222302,0.061176583123306635,1.6068257345401438
pcgrad_nm,4,4,late,0.916946857467386,0.1365387559605473,374,374,0.007264713902521756,-0.007789121106799153,-0.01505383500932091,-1.0721855273743626
pcgrad_nm,4,4,mid,0.9787238502426181,0.20540629208519978,303,303,0.02024129997727983,0.0036391354446417977,-0.016602164532638033,0.17978763462458455
pcgrad_nm,4,6,early,2.052836482724728,1.865279701331593,82,82,0.10787893103623518,0.15848172921289858,0.0506027981766634,1.4690702595084721
pcgrad_nm,4,6,late,1.1345365506858116,0.44691141067090606,386,386,0.008549904322103709,-0.004497092599646428,-0.013046996921750136,-0.5259816285920631
pcgrad_nm,4,6,mid,0.8482832944712597,0.49511990872135037,395,395,0.01613023070728528,-0.0015894488482149744,-0.017719679555500256,-0.09853850679873374
pcgrad_nm,4,8,early,1.728579740234235,2.397917841086532,47,47,0.11207840030630159,0.09504314435000831,-0.01703525595629328,0.8480058966782427
pcgrad_nm,4,8,late,1.4263546352342753,0.8992498260209782,323,323,0.011749366436467755,-0.012239716969356636,-0.02398908340582439,-1.041734210567042
pcgrad_nm,4,8,mid,1.1769292685935773,1.1467177119024419,335,335,0.013007715201171208,-0.005910933972101588,-0.018918649173272795,-0.4544175422574881
pcgrad_nm,6,4,early,2.720563679357397,0.7289371556363794,100,100,0.09593333976605833,0.12795075807288533,0.032017418306827,1.3337465200826346
pcgrad_nm,6,4,late,1.0642735718117295,0.3444077452878611,349,349,0.023540728291579154,-0.002690697118833493,-0.026231425410412647,-0.1142996548580017
pcgrad_nm,6,4,mid,2.0023540644946722,0.29582834676487446,327,327,0.0464174494378335,0.04270960778768473,-0.0037078416501487715,0.9201196598465702
pcgrad_nm,6,6,early,2.8620018964659137,1.08926601734204,91,91,0.12109367088469615,0.1735686923941613,0.05247502150946516,1.4333423962300327
pcgrad_nm,6,6,late,1.1904637400384952,0.13140550361251946,334,334,0.019498431141789934,0.008584282435053358,-0.010914148706736576,0.44025503245002773
pcgrad_nm,6,6,mid,2.157884269970556,0.18338747699468366,248,248,0.040160228360345,0.041917318880323774,0.0017570905199787712,1.0437520051981017
pcgrad_nm,6,8,early,2.839942925648674,1.3644058370205803,79,79,0.1397811953566323,0.19586284699449236,0.05608165163786005,1.4012102736335563
pcgrad_nm,6,8,late,1.2751857852076647,0.15414953270253465,308,308,0.014421135887817498,0.009455979093211091,-0.004965156794606407,0.655702793924797
pcgrad_nm,6,8,mid,1.8917807050278177,0.21830765959360593,175,175,0.04108517575149402,0.03901103669660158,-0.0020741390548924404,0.9495161206699471
pcgrad_nm,8,4,early,3.0595433941816754,0.4330967812570523,200,200,0.084431405793443,0.1346875187022285,0.0502561129087855,1.595230085730592
pcgrad_nm,8,4,late,1.386604501473365,0.6058025887657748,364,364,0.052143004677234116,0.013852942174022885,-0.03829006250321123,0.26567211191170853
pcgrad_nm,8,4,mid,2.529795633458175,0.4475171014288327,330,330,0.07176736320275029,0.07244790395722635,0.0006805407544760583,1.009482593815708
pcgrad_nm,8,6,early,3.370223150274911,0.2765923631335739,135,135,0.07189305616109436,0.11206138331332201,0.04016832715222765,1.5587233217936998
pcgrad_nm,8,6,late,2.1574367101779144,0.1721038849289805,278,278,0.03319565762712306,0.032981782994479826,-0.00021387463264323225,0.993557150304247
pcgrad_nm,8,6,mid,2.8564644475048464,0.09826651044763225,377,377,0.03734902714908171,0.06073825765119181,0.0233892305021101,1.626233995567008
pcgrad_nm,8,8,early,3.500361990555739,0.3462812445820948,116,116,0.08574741579905418,0.11575292477203801,0.030005508972983833,1.3499290176079546
pcgrad_nm,8,8,late,2.166429007579805,0.03029264154767445,272,272,0.018702799755520298,0.017064747652529026,-0.0016380521029912727,0.9124167437814872
pcgrad_nm,8,8,mid,2.965524177373527,0.060065184840487604,184,184,0.033055079156449334,0.0412314119225172,0.008176332766067863,1.247354808238981
pcgrad_nm,10,4,early,3.248862730079275,0.5778820597368075,200,200,0.08806910533397037,0.15195045764535584,0.06388135231138546,1.7253548457105183
pcgrad_nm,10,4,late,1.07403009629857,0.8150287031640531,315,315,0.055890659514022695,0.0024067188602491813,-0.053483940653773515,0.04306119987088983
pcgrad_nm,10,4,mid,2.873210029754453,0.8147430204920528,319,319,0.10488296284357483,0.10365138472511719,-0.0012315781184576435,0.9882575960378384
pcgrad_nm,10,6,early,3.7165646416807157,0.08709745562158795,181,181,0.04583796634020296,0.07738375106682784,0.03154578472662488,1.6882021006886843
pcgrad_nm,10,6,late,2.554479234173339,0.3931025050711989,419,419,0.05497597027147669,0.06983890629742949,0.014862936025952803,1.2703533189602325
pcgrad_nm,10,6,mid,3.2692359868399254,0.12623149785102833,386,386,0.03678884718789458,0.08908453700285886,0.052295689814964276,2.421509338084729
pcgrad_nm,10,8,early,4.0144051506743335,0.0672682562969868,142,142,0.04634312987474188,0.06021111359226231,0.013867983717520432,1.2992457297339086
pcgrad_nm,10,8,late,3.0282685488405,0.00838565351170845,340,340,0.012212153177364925,0.037092037689395244,0.02487988451203032,3.037305309774928
pcgrad_nm,10,8,mid,3.580909962370736,0.0180086845430824,213,213,0.022233696841483085,0.035187079340237945,0.01295338249875486,1.5826013816373874
lso_grid,4,4,early,2.042747829493419,2.2271640553273,111,111,0.11039335838575097,0.18531431968646722,0.07492096130071625,1.6786727244850872
lso_grid,4,4,late,0.9703761561325785,0.00591032790279725,232,232,0.0033135384826672135,0.005959418284634596,0.002645879801967382,1.7985058316985643
lso_grid,4,4,mid,1.4090379018508592,0.0414080541072961,282,282,0.01108234499196266,0.02826997342579462,0.01718762843383196,2.5509017672971814
lso_grid,4,6,early,1.9875873948802951,2.249625892864256,83,83,0.09368018785803098,0.19389364177153978,0.1002134539135088,2.069740104122963
lso_grid,4,6,late,0.8546193270108264,0.0019579424916879,296,296,0.001504311039023598,0.002919579726330342,0.001415268687306744,1.940808549956099
lso_grid,4,6,mid,1.0868937502932048,0.02655109080252865,267,267,0.006678686807996329,0.011738753631255218,0.005060066823258888,1.7576439753396607
lso_grid,4,8,early,1.7608233460879763,1.3486700383698382,64,64,0.05975716956248894,0.14856158597545266,0.08880441641296372,2.4860880637945817
lso_grid,4,8,late,0.6816669896577923,0.00106561009337205,296,296,0.0006619138004321445,0.0019318086909821022,0.0012698948905499577,2.9185200394989192
lso_grid,4,8,mid,0.928247841416358,0.009927343327075601,293,293,0.0037942785221997148,0.008706078970316613,0.004911800448116898,2.294528174296837
lso_grid,6,4,early,2.658606264303092,1.3143989427775633,108,108,0.1292277831850806,0.1636977278331251,0.03446994464804451,1.266737877865447
lso_grid,6,4,late,1.1410853340169718,0.0441926384370389,218,218,0.011538017665669495,0.01598979126399788,0.004451773598328384,1.3858352212073919
lso_grid,6,4,mid,1.8773034456283169,0.3170746853898664,249,249,0.042486055742909826,0.0638933231510859,0.02140726740817607,1.5038657280335694
lso_grid,6,6,early,2.783690794436964,1.7528752525033053,92,92,0.1344879293723288,0.20729980128670603,0.07281187191437721,1.5414007952550008
lso_grid,6,6,late,1.8074857818340013,0.02001796852162875,269,269,0.010599492179011287,0.016295743023402514,0.005696250844391227,1.5374079010757447
lso_grid,6,6,mid,2.136667072929816,0.12094398568541165,238,238,0.029608131025112193,0.050616913549466735,0.021008782524354543,1.709561252161979
lso_grid,6,8,early,2.7656206041496256,2.2193136115046364,73,73,0.16087195774830781,0.22875724675017414,0.06788528900186633,1.421983358392867
lso_grid,6,8,late,1.8833921435484657,0.008877980705807451,332,332,0.006993316561346301,0.009484662779890855,0.0024913462185445533,1.3562467388241521
lso_grid,6,8,mid,2.172184932759847,0.08639162378284454,256,256,0.025559749213234943,0.04502406860015854,0.019464319386923598,1.7615223148138281
lso_grid,8,4,early,2.980751799915661,0.921950600720549,197,197,0.1188415996182138,0.18287615188736486,0.06403455226915106,1.5388227058106432
lso_grid,8,4,late,1.2913439407158287,0.12015949198178619,114,114,0.025288137592639977,0.023909075856232788,-0.0013790617364071896,0.9454660616522207
lso_grid,8,4,mid,2.3520456154097094,0.5054735701472288,195,195,0.0770043484444143,0.09607422148735477,0.01906987304294047,1.2476467034417684
lso_grid,8,6,early,3.292230953254158,0.5095961354885934,128,128,0.0981072818611092,0.14392556052977462,0.04581827866866542,1.4670222005898654
lso_grid,8,6,late,2.1684979279018943,0.10572132596171324,221,221,0.02842185287373358,0.04447727759782122,0.01605542472408764,1.5648971865210612
lso_grid,8,6,mid,2.7073462747896286,0.2396006342620145,295,295,0.049722444917420595,0.09117202215388814,0.04144957723646755,1.8336190488079842
lso_grid,8,8,early,3.4380232851975965,0.554267316856247,100,100,0.1044704370347932,0.14819536239528422,0.043724925360491024,1.4185387426485898
lso_grid,8,8,late,2.340228394300326,0.0197737294015352,249,249,0.013541553177376282,0.02106484553977273,0.007523292362396447,1.5555708613222836
lso_grid,8,8,mid,2.874682016119965,0.0726552149676181,239,239,0.031019680216964926,0.04813818440860899,0.01711850419164406,1.5518594670193218
lso_grid,10,4,early,3.218803045241209,1.1079811264414112,195,195,0.1284705083252334,0.21263820707892894,0.08416769875369554,1.6551519087993196
lso_grid,10,4,late,1.4424811475683168,0.1883363544698461,165,165,0.028079231705751898,0.03582329414838561,0.00774406244263371,1.2757932454771324
lso_grid,10,4,mid,2.632575430317803,0.9454928627113185,203,203,0.10990350554550651,0.14760293293837706,0.03769942739287055,1.3430229746153162
lso_grid,10,6,early,3.6600992194416726,0.1721543269638024,192,192,0.06484273609949011,0.11052767313808416,0.04568493703859405,1.7045498044453016
lso_grid,10,6,late,2.5171907217360725,0.3199562455968502,217,217,0.060360900225325004,0.083634261287743,0.023273361062417994,1.385570145169131
lso_grid,10,6,mid,3.0345396099548223,0.44261110288612604,338,338,0.06521656381529482,0.13330959936152864,0.06809303554623382,2.0441064595044547
lso_grid,10,8,early,3.982998498216661,0.11295806720862636,118,118,0.05961213442225298,0.07955741966477352,0.01994528524252054,1.3345843163615199
lso_grid,10,8,late,2.8023787160142355,0.02595701560777285,359,359,0.015014967999481328,0.049565515476115825,0.0345505474766345,3.301073667145211
lso_grid,10,8,mid,3.3857482008514195,0.03423564646697605,260,260,0.024357919154016524,0.061521535022316394,0.037163615868299874,2.5257303234037436
vanilla_ls_nm,4,4,early,2.091622983206631,2.1807374607018475,92,92,0.10102932405312157,0.21317407673355734,0.11214475268043578,2.1100218053668227
vanilla_ls_nm,4,4,late,0.9106982426630168,0.00378467959264,310,310,0.002031605787736609,0.004899116629107166,0.0028675108413705568,2.4114504195054596
vanilla_ls_nm,4,4,mid,1.3652756111336544,0.040576610446574096,212,212,0.009734553168431302,0.0238938766505804,0.014159323482149098,2.4545427239605737
vanilla_ls_nm,4,6,early,2.002540719126088,2.2460840623857483,70,70,0.08581337219908991,0.19499118553404005,0.10917781333495014,2.272270399555607
vanilla_ls_nm,4,6,late,0.8804439097222296,0.0014512259726115,403,403,0.00115256899258411,0.0033122261793498615,0.0021596571867657515,2.8737769284628296
vanilla_ls_nm,4,6,mid,1.1551785423920482,0.02456815823974145,313,313,0.005456315547603298,0.010566850763627919,0.00511053521602462,1.9366275046664845
vanilla_ls_nm,4,8,early,1.7642318834248902,1.2973471134309396,38,38,0.07488679154574722,0.10635651083988851,0.03146971929414129,1.420230572635989
vanilla_ls_nm,4,8,late,0.6927904174028955,0.00020970560994395,178,178,0.0003815951143310676,0.001087496133712171,0.0007059010193811034,2.8498691227180433
vanilla_ls_nm,4,8,mid,0.816767790859893,0.00967079530590655,280,280,0.002569011367108768,0.008316439997376466,0.005747428630267698,3.2372141687858718
vanilla_ls_nm,6,4,early,2.6428496650330935,1.6226683667476645,133,133,0.13466218031006238,0.18567952469986154,0.05101734438979916,1.3788542876131271
vanilla_ls_nm,6,4,late,0.9177368102700526,0.0226023197801802,235,235,0.006579438524957516,0.009268146151894776,0.00268870762693726,1.4086530509766593
vanilla_ls_nm,6,4,mid,1.8484046903367175,0.3051787878685057,191,191,0.04723829634598038,0.05575455188005636,0.008516255534075978,1.180282867775367
vanilla_ls_nm,6,6,early,2.817171930869863,1.8786065521387414,117,117,0.1493780201324036,0.23357941027345006,0.08420139014104647,1.5636799180121226
vanilla_ls_nm,6,6,late,1.7832015261391065,0.015641468880143852,318,318,0.009580825190961236,0.015824500612788287,0.006243675421827051,1.6516845154128763
vanilla_ls_nm,6,6,mid,2.203500822958347,0.11035810987872655,272,272,0.030159644367585454,0.044419942444367255,0.0142602980767818,1.4728271296231954
vanilla_ls_nm,6,8,early,2.8877242003170425,2.2835162341462265,103,103,0.15935899270852058,0.2665880414780625,0.1072290487695419,1.672877300157587
vanilla_ls_nm,6,8,late,1.6876808462515283,0.0061518238112181,340,340,0.0056531166540258375,0.008560876508926065,0.002907759854900227,1.5143640283505349
vanilla_ls_nm,6,8,mid,2.304400904422245,0.07917120391325945,239,239,0.02493235760059357,0.04477254720519794,0.019840189604604368,1.7957606706287588
vanilla_ls_nm,8,4,early,2.9586453315694836,1.112348064730273,168,168,0.12726369872836685,0.18845658685931072,0.06119288813094387,1.4808353736563535
vanilla_ls_nm,8,4,late,1.1517533185957958,0.1007979372224594,168,168,0.015976297426648137,0.02024426331719104,0.004267965890542902,1.2671436176084216
vanilla_ls_nm,8,4,mid,2.3221073909327767,0.6093990605142241,159,159,0.08106423667476134,0.10574289764079742,0.024678660966036076,1.304433397245811
vanilla_ls_nm,8,6,early,3.3038265138133123,0.5665761250860999,148,148,0.10374183869194561,0.15570270524237398,0.051960866550428364,1.5008670292101016
vanilla_ls_nm,8,6,late,2.045804923688845,0.14661781343203895,215,215,0.03550614715598417,0.0485577172306789,0.013051570074694728,1.3675862102795073
vanilla_ls_nm,8,6,mid,2.740631694639058,0.2961805507629432,277,277,0.057538998586371695,0.09286165755878013,0.03532265897240844,1.613890749582401
vanilla_ls_nm,8,8,early,3.4415501974913125,0.6036945362847497,108,108,0.11277311862102495,0.1593774802752321,0.04660436165420716,1.4132577180101007
vanilla_ls_nm,8,8,late,2.3771204336525464,0.021786272252762702,265,265,0.015330548697428916,0.023330653057066372,0.008000104359637456,1.521840706261163
vanilla_ls_nm,8,8,mid,2.9331136852916186,0.07184418781740934,184,184,0.03191202775305996,0.05030455092564602,0.018392523172586064,1.5763508140225422
vanilla_ls_nm,10,4,early,3.0881478600569325,1.3129582541973313,185,185,0.1353149264025797,0.23644117651963878,0.10112625011705909,1.7473399484118641
vanilla_ls_nm,10,4,late,1.1774214426775933,0.12350738335862124,172,172,0.015871494417346272,0.028716030898100802,0.01284453648075453,1.8092833694800963
vanilla_ls_nm,10,4,mid,2.5884285769955198,1.2599242546048273,157,157,0.1422839757433145,0.15344430557693062,0.011160329833616117,1.078437011443578
vanilla_ls_nm,10,6,early,3.5519869004589606,0.20396302614065626,206,206,0.06687509004923776,0.11311567965008489,0.04624058960084712,1.6914471377429445
vanilla_ls_nm,10,6,late,2.3151563296305877,0.41177410664226455,186,186,0.05951102433622485,0.07290474320087921,0.013393718864654361,1.2250628184281058
vanilla_ls_nm,10,6,mid,3.058411201839332,0.6504624345946517,258,258,0.08203008766729553,0.14786328347292635,0.06583319580563082,1.802549377645951
vanilla_ls_nm,10,8,early,3.94989178013269,0.1225858637310535,111,111,0.06286010198091942,0.0791286178973086,0.016268515916389184,1.2588051149094117
vanilla_ls_nm,10,8,late,2.8467562724029776,0.03272815856046835,342,342,0.014548151277004633,0.055234026912103114,0.040685875635098484,3.7966354528776547
vanilla_ls_nm,10,8,mid,3.4077200761929682,0.03807433235486265,333,333,0.025666295577786997,0.06603852228216636,0.040372226704379365,2.5729666395379502
