ansatz,variant,n_qubits,depth,statistic,seeds_expected,seeds_estimable,cell_estimable,rho_bar,ci_lo,ci_hi,material_and_resolved,reason,sign,max_vif_median,kappa_median,top_status,bootstrap_seed
hea,lso_grid,4,4,rho_nu,30,27,True,0.1490649536847374,0.0950221463628952,0.2064983252231351,False,below_material_threshold,1,4.4264270224408495,4.179868550331591,ok,2413424575
hea,lso_grid,4,4,rho_cos,30,27,True,0.023241917349562533,-0.029794014597333798,0.07740466063069901,False,below_material_threshold,1,4.42642702244085,4.17986855033159,ok,3566250145
hea,lso_grid,4,4,rho_C,30,27,True,-0.028432331286389216,-0.09715055653585251,0.03304319061435212,False,below_material_threshold,-1,4.4264270224408495,4.179868550331592,ok,2065209084
hea,lso_grid,4,6,rho_nu,30,27,True,0.13236361066284408,0.0683249301479963,0.20057470779600448,False,below_material_threshold,1,4.689953879988993,4.321715851623756,ok,3642838974
hea,lso_grid,4,6,rho_cos,30,27,True,0.07483002392047408,0.02312120865928371,0.1375635776229137,False,below_material_threshold,1,4.689953879988991,4.321715851623757,ok,2998478481
hea,lso_grid,4,6,rho_C,30,27,True,-0.03480088706015556,-0.09162121653369483,0.012687571567981582,False,below_material_threshold,-1,4.689953879988993,4.321715851623755,ok,3771357925
hea,lso_grid,4,8,rho_nu,30,29,True,0.05694475222051345,0.014070945501944761,0.11364172055602946,False,below_material_threshold,1,3.8684351474363226,3.969233773410851,ok,1548380881
hea,lso_grid,4,8,rho_cos,30,29,True,0.025350121008426395,-0.001709182042083171,0.05874323540712507,False,below_material_threshold,1,3.8684351474363234,3.969233773410852,ok,3572956162
hea,lso_grid,4,8,rho_C,30,29,True,-0.03366910750206061,-0.07387181402848994,-0.00198445530666845,False,below_material_threshold,-1,3.8684351474363226,3.9692337734108514,ok,180007361
hea,lso_grid,6,4,rho_nu,30,29,True,0.3821735071117008,0.3113694482649095,0.4474635518388871,True,material_and_resolved,1,5.082872535591811,4.805290500541201,ok,1778980876
hea,lso_grid,6,4,rho_cos,30,29,True,0.221465886989544,0.15359597257769994,0.289199458734375,True,material_and_resolved,1,5.082872535591812,4.805290500541201,ok,1470979275
hea,lso_grid,6,4,rho_C,30,29,True,0.010841862714374291,-0.07689082845027448,0.1014078463057494,False,below_material_threshold,1,5.082872535591812,4.805290500541201,ok,3507179126
hea,lso_grid,6,6,rho_nu,30,30,True,0.3568047160135052,0.27253763564874167,0.4446156385812811,True,material_and_resolved,1,3.682954579425606,3.8718498733605236,ok,4130872241
hea,lso_grid,6,6,rho_cos,30,30,True,0.15130857840440048,0.08819375628649369,0.22654253532775726,False,below_material_threshold,1,3.6829545794256067,3.871849873360525,ok,2842678182
hea,lso_grid,6,6,rho_C,30,30,True,-0.02657962424215822,-0.12556075062213734,0.0633078591566628,False,below_material_threshold,-1,3.6829545794256067,3.8718498733605244,ok,3107469244
hea,lso_grid,6,8,rho_nu,30,27,True,0.23297833036834756,0.17335719592101487,0.29573235693690403,True,material_and_resolved,1,5.45119922312135,4.772009919660809,ok,947636915
hea,lso_grid,6,8,rho_cos,30,27,True,0.01822890360861577,-0.03204564605320297,0.0700676535075967,False,below_material_threshold,1,5.45119922312135,4.7720099196608095,ok,4155403097
hea,lso_grid,6,8,rho_C,30,27,True,-0.051940883205117916,-0.1394441642836889,0.025588110192240516,False,below_material_threshold,-1,5.45119922312135,4.772009919660806,ok,3741787456
hea,lso_grid,8,4,rho_nu,30,25,True,0.48055857031649474,0.3815944966103437,0.5778217896803132,True,material_and_resolved,1,4.20468316337563,4.103807593311917,ok,2481698641
hea,lso_grid,8,4,rho_cos,30,25,True,0.26627979486614933,0.17863217766998887,0.3530639612666253,True,material_and_resolved,1,4.20468316337563,4.1038075933119185,ok,418410416
hea,lso_grid,8,4,rho_C,30,25,True,0.1793100921593251,0.04369282257683599,0.3132512517173964,False,below_material_threshold,1,4.20468316337563,4.10380759331192,ok,4160436024
hea,lso_grid,8,6,rho_nu,30,24,True,0.6078777365756035,0.5271617499274784,0.6819218965830013,True,material_and_resolved,1,4.6240407919613595,4.323861060044587,ok,3224582751
hea,lso_grid,8,6,rho_cos,30,24,True,0.388984412152139,0.2715591188126097,0.5027568996633599,True,material_and_resolved,1,4.6240407919613595,4.32386106004459,ok,2292308680
hea,lso_grid,8,6,rho_C,30,24,True,0.04758604082419937,-0.0509610370720499,0.14914518613119554,False,below_material_threshold,1,4.6240407919613595,4.32386106004459,ok,4137020788
hea,lso_grid,8,8,rho_nu,30,27,True,0.3451241707339673,0.24800656068884278,0.4432861703751774,True,material_and_resolved,1,4.647982300389885,4.329097516812499,ok,1064575135
hea,lso_grid,8,8,rho_cos,30,27,True,0.1376983003072835,0.044501393089697486,0.22645592989477245,False,below_material_threshold,1,4.647982300389885,4.329097516812499,ok,147977025
hea,lso_grid,8,8,rho_C,30,27,True,-0.05591944410546023,-0.1606749843069278,0.05013973918101564,False,below_material_threshold,-1,4.647982300389885,4.329097516812498,ok,2674403337
hea,lso_grid,10,4,rho_nu,30,29,True,0.4637657326909274,0.3697508244437409,0.5574207135784659,True,material_and_resolved,1,5.457179675265513,4.94239081331901,ok,711167550
hea,lso_grid,10,4,rho_cos,30,29,True,0.3471139037404072,0.27591835905341733,0.4189026235624904,True,material_and_resolved,1,5.457179675265513,4.942390813319012,ok,3559201851
hea,lso_grid,10,4,rho_C,30,29,True,0.18114922507142808,0.08514362099568194,0.2774807831281854,False,below_material_threshold,1,5.457179675265513,4.942390813319013,ok,4151386447
hea,lso_grid,10,6,rho_nu,30,29,True,0.6370205677764924,0.5656730765690846,0.6983927902521291,True,material_and_resolved,1,4.5306840426512025,4.233778591808333,ok,3929181627
hea,lso_grid,10,6,rho_cos,30,29,True,0.3704757481174091,0.2713780964503691,0.4610310622940547,True,material_and_resolved,1,4.530684042651201,4.233778591808332,ok,3996185414
hea,lso_grid,10,6,rho_C,30,29,True,0.10246949218127906,-0.01747479920409131,0.22545527075407268,False,below_material_threshold,1,4.5306840426512025,4.233778591808331,ok,900877904
hea,lso_grid,10,8,rho_nu,30,18,False,0.3548207541036945,0.22969454856410298,0.4688604133619112,False,cell_underdetermined,1,7.914276536487703,5.671013655210414,ok,2673777238
hea,lso_grid,10,8,rho_cos,30,18,False,0.5084547114939748,0.33260321816322197,0.6478248104893847,False,cell_underdetermined,1,7.914276536487703,5.671013655210413,ok,2473755996
hea,lso_grid,10,8,rho_C,30,18,False,-0.019388603393937404,-0.2033575418705698,0.16488172873149187,False,cell_underdetermined,-1,7.914276536487703,5.671013655210416,ok,128301172
hea,lso_pcgrad,4,4,rho_nu,30,12,False,0.1394032081928049,0.056111803650573035,0.25644270216577547,False,cell_underdetermined,1,16.1486153255483,9.37642623679315,collinear,1221419622
hea,lso_pcgrad,4,4,rho_cos,30,12,False,0.04043770975218237,-0.051482734922524004,0.13005319997208126,False,cell_underdetermined,1,16.1486153255483,9.376426236793147,collinear,4176421258
hea,lso_pcgrad,4,4,rho_C,30,12,False,-0.02167153735846754,-0.07530155577098722,0.025003142406967355,False,cell_underdetermined,-1,16.1486153255483,9.376426236793153,collinear,782770792
hea,lso_pcgrad,4,6,rho_nu,30,7,False,0.0906886266283011,0.014812733463791188,0.21879418328258451,False,cell_underdetermined,1,16.3933829464911,9.028785932651573,collinear,282561387
hea,lso_pcgrad,4,6,rho_cos,30,7,False,0.08542082407882849,0.01641954210403633,0.19461070515593665,False,cell_underdetermined,1,16.3933829464911,9.028785932651573,collinear,1843808461
hea,lso_pcgrad,4,6,rho_C,30,7,False,-0.11136425668867743,-0.2278459749209342,-0.021456195508262346,False,cell_underdetermined,-1,16.3933829464911,9.02878593265157,collinear,2054567303
hea,lso_pcgrad,4,8,rho_nu,30,11,False,0.06108318653906539,-0.019657641719239376,0.19570965161620651,False,cell_underdetermined,1,29.873313625966333,12.555324119464506,collinear,998938582
hea,lso_pcgrad,4,8,rho_cos,30,11,False,0.10469509641799565,0.010113392553143316,0.23196698473586394,False,cell_underdetermined,1,29.873313625966333,12.555324119464505,collinear,3176062845
hea,lso_pcgrad,4,8,rho_C,30,11,False,0.04960084100840852,-0.0010286973242772301,0.1272101862072551,False,cell_underdetermined,1,29.873313625966333,12.555324119464515,collinear,1338412199
hea,lso_pcgrad,6,4,rho_nu,30,23,True,0.4305252488004719,0.3408138821279156,0.506040060176564,True,material_and_resolved,1,8.146736813529522,5.94278512815006,ok,3703898846
hea,lso_pcgrad,6,4,rho_cos,30,23,True,0.2863582506098494,0.19487046779419331,0.37629541248570475,True,material_and_resolved,1,8.146736813529525,5.942785128150058,ok,2822857271
hea,lso_pcgrad,6,4,rho_C,30,23,True,0.03710889078072563,-0.0950684893326546,0.1652578712708168,False,below_material_threshold,1,8.146736813529522,5.942785128150058,ok,2218906865
hea,lso_pcgrad,6,6,rho_nu,30,16,False,0.37660733429977405,0.2057381179068626,0.5448675326449196,False,cell_underdetermined,1,8.42120344925174,6.616327031399148,ok,2012842161
hea,lso_pcgrad,6,6,rho_cos,30,16,False,0.21295482971552837,0.07015395387260898,0.380992071423174,False,cell_underdetermined,1,8.42120344925174,6.616327031399154,ok,349002320
hea,lso_pcgrad,6,6,rho_C,30,16,False,-0.04894373468118973,-0.20603023095322595,0.09453955145044869,False,cell_underdetermined,-1,8.42120344925174,6.616327031399146,ok,552902024
hea,lso_pcgrad,6,8,rho_nu,30,4,False,0.19958330394016743,0.07925556134152058,0.3065345929224618,False,cell_underdetermined,1,16.645887130055183,9.368649050586672,collinear,2403735914
hea,lso_pcgrad,6,8,rho_cos,30,4,False,0.03769215097801653,-0.07705021054997017,0.17665215699463174,False,cell_underdetermined,1,16.645887130055183,9.368649050586674,collinear,2345997282
hea,lso_pcgrad,6,8,rho_C,30,4,False,-0.06273310331680962,-0.30091064026024883,0.09230329857043591,False,cell_underdetermined,-1,16.645887130055183,9.368649050586676,collinear,2572158258
hea,lso_pcgrad,8,4,rho_nu,30,21,True,0.5718756626431845,0.44966066242593533,0.68081021931298,True,material_and_resolved,1,7.308487344242377,5.792316862062862,ok,618246712
hea,lso_pcgrad,8,4,rho_cos,30,21,True,0.4130665562781765,0.2774579983909921,0.5386921118223705,True,material_and_resolved,1,7.308487344242375,5.792316862062858,ok,243740012
hea,lso_pcgrad,8,4,rho_C,30,21,True,0.22490074161317977,0.09470474223748392,0.35897261236461003,True,material_and_resolved,1,7.308487344242375,5.79231686206286,ok,1288716384
hea,lso_pcgrad,8,6,rho_nu,30,22,True,0.6700097422195819,0.564756634121604,0.7537840513024606,True,material_and_resolved,1,5.760480510080898,4.720804819475067,ok,3010294599
hea,lso_pcgrad,8,6,rho_cos,30,22,True,0.4988456500288333,0.3614176069245113,0.6207084891055278,True,material_and_resolved,1,5.760480510080898,4.720804819475066,ok,3249242764
hea,lso_pcgrad,8,6,rho_C,30,22,True,0.04750212825236215,-0.0798780636965504,0.17599651837313712,False,below_material_threshold,1,5.760480510080898,4.7208048194750685,ok,229120434
hea,lso_pcgrad,8,8,rho_nu,30,24,True,0.3886739436770481,0.2794221855100541,0.49652288866383176,True,material_and_resolved,1,5.970694206510524,5.1242414558231495,ok,1034725807
hea,lso_pcgrad,8,8,rho_cos,30,24,True,0.19316641923324843,0.07370738585525288,0.30266271078649476,False,below_material_threshold,1,5.970694206510524,5.124241455823142,ok,487826045
hea,lso_pcgrad,8,8,rho_C,30,24,True,-0.12926262022792986,-0.2551463014462949,0.002001192025144824,False,below_material_threshold,-1,5.970694206510524,5.124241455823145,ok,3718079062
hea,lso_pcgrad,10,4,rho_nu,30,17,False,0.5632261407907331,0.4052048411662457,0.6955461412231743,False,cell_underdetermined,1,7.283297042281988,6.4204118012487745,ok,4096136773
hea,lso_pcgrad,10,4,rho_cos,30,17,False,0.4146743921539134,0.2884347000367771,0.5330655573627541,False,cell_underdetermined,1,7.2832970422819905,6.420411801248773,ok,1552962966
hea,lso_pcgrad,10,4,rho_C,30,17,False,0.10964131243384145,-0.0016849695932580518,0.22034041886671546,False,cell_underdetermined,1,7.2832970422819905,6.42041180124877,ok,3397124968
hea,lso_pcgrad,10,6,rho_nu,30,23,True,0.6867740969859667,0.6021153764739969,0.7589054225856849,True,material_and_resolved,1,6.103513911142651,5.074369118504002,ok,264261138
hea,lso_pcgrad,10,6,rho_cos,30,23,True,0.4305780665980536,0.31653549242826184,0.5332532425128746,True,material_and_resolved,1,6.103513911142649,5.074369118504003,ok,511888502
hea,lso_pcgrad,10,6,rho_C,30,23,True,0.01245768430358314,-0.1349622345083219,0.16998272576059953,False,below_material_threshold,1,6.103513911142649,5.074369118504002,ok,4166468866
hea,lso_pcgrad,10,8,rho_nu,30,20,True,0.34928059702126013,0.23540359277882303,0.44909158912678454,True,material_and_resolved,1,7.60317830763954,5.606706075851736,ok,3783764710
hea,lso_pcgrad,10,8,rho_cos,30,20,True,0.49041338384592303,0.3022657032582576,0.636615380596837,True,material_and_resolved,1,7.60317830763954,5.606706075851733,ok,2544017253
hea,lso_pcgrad,10,8,rho_C,30,20,True,-0.05487294472637923,-0.21841286685188374,0.11197430007395091,False,below_material_threshold,-1,7.60317830763954,5.60670607585174,ok,2499328125
hea,pcgrad,4,4,rho_nu,30,28,True,-0.19626511649583547,-0.31296202483282703,-0.07363335083344191,False,below_material_threshold,-1,3.8621675047969997,3.899324946483529,ok,3322014417
hea,pcgrad,4,4,rho_cos,30,28,True,0.8904429354789732,0.840340485380082,0.9240262605146773,True,material_and_resolved,1,3.8621675047969997,3.899324946483528,ok,2593603280
hea,pcgrad,4,4,rho_C,30,28,True,-0.25660296000166416,-0.3604570308285996,-0.1462767858315903,True,material_and_resolved,-1,3.8621675047969997,3.899324946483528,ok,3567849145
hea,pcgrad,4,6,rho_nu,30,30,True,-0.46466476198312634,-0.5625242276037663,-0.3602309640094335,True,material_and_resolved,-1,3.0805465731546593,3.4248509934425444,ok,2188090698
hea,pcgrad,4,6,rho_cos,30,30,True,0.8545244482323399,0.8214948520098851,0.8815842646513149,True,material_and_resolved,1,3.0805465731546593,3.424850993442546,ok,3728043949
hea,pcgrad,4,6,rho_C,30,30,True,-0.2900313838730665,-0.3687401036236998,-0.2087809032414142,True,material_and_resolved,-1,3.0805465731546593,3.4248509934425453,ok,4173968418
hea,pcgrad,4,8,rho_nu,30,28,True,-0.4719290316107232,-0.5589653011617146,-0.3773107434390581,True,material_and_resolved,-1,4.930981835443186,4.372920531008015,ok,1484218522
hea,pcgrad,4,8,rho_cos,30,28,True,0.6790560322769329,0.6062121653425074,0.7358057814477422,True,material_and_resolved,1,4.930981835443188,4.372920531008016,ok,659862622
hea,pcgrad,4,8,rho_C,30,28,True,-0.12239254714851264,-0.23596644438193978,0.0009975991452312596,False,below_material_threshold,-1,4.930981835443188,4.372920531008015,ok,971998649
hea,pcgrad,6,4,rho_nu,30,24,True,0.16721066812508753,0.02322965790404478,0.30359221581775464,False,below_material_threshold,1,6.3750113459534425,5.570713736822714,ok,2632022420
hea,pcgrad,6,4,rho_cos,30,24,True,0.9202083995492004,0.8952933233663689,0.9403486136652108,True,material_and_resolved,1,6.375011345953444,5.570713736822714,ok,1284080383
hea,pcgrad,6,4,rho_C,30,24,True,-0.19490591337475852,-0.3206104349760636,-0.06345670244669936,False,below_material_threshold,-1,6.375011345953444,5.570713736822716,ok,1905276746
hea,pcgrad,6,6,rho_nu,30,29,True,-0.3839843540281427,-0.5380330309921786,-0.19971995847170548,True,material_and_resolved,-1,4.3056847426608496,4.153103819068937,ok,630889080
hea,pcgrad,6,6,rho_cos,30,29,True,0.8939912932248492,0.855508480308254,0.923312943819392,True,material_and_resolved,1,4.3056847426608496,4.153103819068935,ok,3980056665
hea,pcgrad,6,6,rho_C,30,29,True,-0.17811936043665913,-0.31582143656789835,-0.041433992190194634,False,below_material_threshold,-1,4.305684742660848,4.153103819068936,ok,1980620050
hea,pcgrad,6,8,rho_nu,30,29,True,-0.6156923838724316,-0.6954892088292638,-0.524925347499304,True,material_and_resolved,-1,2.6401872432445628,3.2107576117635857,ok,3871467055
hea,pcgrad,6,8,rho_cos,30,29,True,0.8706158745763647,0.8324880801531291,0.9008979684324707,True,material_and_resolved,1,2.6401872432445628,3.210757611763585,ok,532250496
hea,pcgrad,6,8,rho_C,30,29,True,-0.3406704232255016,-0.44826086627681727,-0.2256771704563311,True,material_and_resolved,-1,2.640187243244563,3.2107576117635848,ok,1546729959
hea,pcgrad,8,4,rho_nu,30,27,True,0.3555996030322572,0.1910738371583605,0.5023770847955616,True,material_and_resolved,1,5.551364089437543,5.156872187101222,ok,636835315
hea,pcgrad,8,4,rho_cos,30,27,True,0.8742438133739047,0.837701490561219,0.9019223514074673,True,material_and_resolved,1,5.551364089437543,5.156872187101225,ok,3945121592
hea,pcgrad,8,4,rho_C,30,27,True,-0.2805284381958042,-0.3892461665736592,-0.1685136987953573,True,material_and_resolved,-1,5.551364089437543,5.156872187101223,ok,2566130366
hea,pcgrad,8,6,rho_nu,30,20,True,0.11427225074754396,-0.10105125307996683,0.32592989050873994,False,below_material_threshold,1,6.543918838415646,5.546841603305219,ok,3971011515
hea,pcgrad,8,6,rho_cos,30,20,True,0.761596864412367,0.6633438826738256,0.8365674760595543,True,material_and_resolved,1,6.543918838415646,5.5468416033052215,ok,3022996474
hea,pcgrad,8,6,rho_C,30,20,True,-0.18901010736877055,-0.3662900237603717,-0.00982329223154541,False,below_material_threshold,-1,6.543918838415646,5.5468416033052215,ok,2880082500
hea,pcgrad,8,8,rho_nu,30,18,False,0.3296374463009984,0.15585916479742062,0.48003202291770936,False,cell_underdetermined,1,8.070026092285488,5.88148076609219,ok,952926090
hea,pcgrad,8,8,rho_cos,30,18,False,0.9422011470206201,0.8931397109175714,0.9658883450538845,False,cell_underdetermined,1,8.070026092285488,5.881480766092196,ok,3271314854
hea,pcgrad,8,8,rho_C,30,18,False,0.0993051422551906,-0.07079238599158136,0.28433165315940634,False,cell_underdetermined,1,8.070026092285488,5.881480766092193,ok,3061061247
hea,pcgrad,10,4,rho_nu,30,21,True,0.5154813792785793,0.40682141379316483,0.6117883970032211,True,material_and_resolved,1,6.723429487795592,5.9560207837383,ok,2104520653
hea,pcgrad,10,4,rho_cos,30,21,True,0.8053730678933386,0.753907840485835,0.8513680811000034,True,material_and_resolved,1,6.723429487795592,5.956020783738301,ok,3286951795
hea,pcgrad,10,4,rho_C,30,21,True,-0.24970361721704176,-0.35245732957376874,-0.13051416997990997,True,material_and_resolved,-1,6.723429487795592,5.956020783738298,ok,46939139
hea,pcgrad,10,6,rho_nu,30,14,False,0.5737608341859886,0.37670548752725136,0.7374899012944371,False,cell_underdetermined,1,10.45254064428441,7.531233391054094,collinear,1914389064
hea,pcgrad,10,6,rho_cos,30,14,False,0.671674989369125,0.5226559852318274,0.7843475788237084,False,cell_underdetermined,1,10.45254064428441,7.531233391054094,collinear,2047431124
hea,pcgrad,10,6,rho_C,30,14,False,-0.2477584255031785,-0.4602508182611121,-0.018936974001037343,False,cell_underdetermined,-1,10.452540644284415,7.531233391054094,collinear,1695816765
hea,pcgrad,10,8,rho_nu,30,9,False,0.45281583911120593,0.07255907409126952,0.7108356032171574,False,cell_underdetermined,1,15.87219833286367,8.581977194033131,collinear,3605386641
hea,pcgrad,10,8,rho_cos,30,9,False,0.9008605202252453,0.6087160976909027,0.9823406904423514,False,cell_underdetermined,1,15.87219833286367,8.581977194033135,collinear,3571686177
hea,pcgrad,10,8,rho_C,30,9,False,-0.09144208742149822,-0.4754753236887561,0.31088501518575423,False,cell_underdetermined,-1,15.87219833286367,8.581977194033133,collinear,680472231
hea,pcgrad_nm,4,4,rho_nu,30,0,False,,,,False,cell_underdetermined,0,,,structural_target,3794225550
hea,pcgrad_nm,4,4,rho_cos,30,30,True,0.9621218025617482,0.9502002051676339,0.9711800933688756,True,material_and_resolved,1,1.5179563466322445,1.9542766334037003,ok,812111361
hea,pcgrad_nm,4,4,rho_C,30,30,True,-0.11739358664969811,-0.22409703663252034,-0.006320486384872101,False,below_material_threshold,-1,1.5179563466322445,1.9542766334037012,ok,1734140587
hea,pcgrad_nm,4,6,rho_nu,30,0,False,,,,False,cell_underdetermined,0,,,structural_target,2291983122
hea,pcgrad_nm,4,6,rho_cos,30,30,True,0.9251484962698147,0.9065519961283488,0.9402943997971842,True,material_and_resolved,1,1.610549131135985,2.072509051163885,ok,2315716473
hea,pcgrad_nm,4,6,rho_C,30,30,True,-0.29199263098992406,-0.389774709037609,-0.191700911544364,True,material_and_resolved,-1,1.610549131135985,2.072509051163885,ok,997658249
hea,pcgrad_nm,4,8,rho_nu,30,0,False,,,,False,cell_underdetermined,0,,,structural_target,850475939
hea,pcgrad_nm,4,8,rho_cos,30,30,True,0.8898428064586497,0.8683744768416041,0.9081246428922565,True,material_and_resolved,1,1.5813163421247047,2.0396782371663553,ok,200502521
hea,pcgrad_nm,4,8,rho_C,30,30,True,-0.28153613767161445,-0.3897723418331401,-0.1775879077440646,True,material_and_resolved,-1,1.5813163421247047,2.0396782371663558,ok,3698772622
hea,pcgrad_nm,6,4,rho_nu,30,0,False,,,,False,cell_underdetermined,0,,,structural_target,4095389669
hea,pcgrad_nm,6,4,rho_cos,30,27,True,0.9142009950196898,0.8798027634348278,0.9404451352163518,True,material_and_resolved,1,2.910545649229311,3.2013796164140835,ok,2040126404
hea,pcgrad_nm,6,4,rho_C,30,27,True,-0.007656455244436129,-0.166539776058717,0.152771102685906,False,below_material_threshold,-1,2.910545649229312,3.201379616414084,ok,444074143
hea,pcgrad_nm,6,6,rho_nu,30,0,False,,,,False,cell_underdetermined,0,,,structural_target,2448450887
hea,pcgrad_nm,6,6,rho_cos,30,30,True,0.9581333164312004,0.9351058439941077,0.9739135442688948,True,material_and_resolved,1,2.5838591120668117,2.9041461168918286,ok,2132750947
hea,pcgrad_nm,6,6,rho_C,30,30,True,0.130011899680229,-0.032366325070028436,0.2716073857977889,False,below_material_threshold,1,2.5838591120668126,2.9041461168918286,ok,3413674944
hea,pcgrad_nm,6,8,rho_nu,30,0,False,,,,False,cell_underdetermined,0,,,structural_target,1084085684
hea,pcgrad_nm,6,8,rho_cos,30,30,True,0.9515230048197268,0.929158170775353,0.9689287614995475,True,material_and_resolved,1,1.4963188861426384,1.9736261750291098,ok,3875378657
hea,pcgrad_nm,6,8,rho_C,30,30,True,-0.2767684801836006,-0.4134860739067032,-0.12905167860449462,True,material_and_resolved,-1,1.4963188861426384,1.9736261750291098,ok,395754274
hea,pcgrad_nm,8,4,rho_nu,30,0,False,,,,False,cell_underdetermined,0,,,structural_target,1688154574
hea,pcgrad_nm,8,4,rho_cos,30,28,True,0.8336198546737273,0.7718626040768689,0.8812652424789039,True,material_and_resolved,1,4.536660286027207,4.162611522877388,ok,3048983757
hea,pcgrad_nm,8,4,rho_C,30,28,True,0.08085432278407766,-0.062040353364647804,0.22577170351111833,False,below_material_threshold,1,4.536660286027207,4.1626115228773894,ok,1980021966
hea,pcgrad_nm,8,6,rho_nu,30,0,False,,,,False,cell_underdetermined,0,,,structural_target,3121745938
hea,pcgrad_nm,8,6,rho_cos,30,24,True,0.8174863400908746,0.6624557236592591,0.9172148573246258,True,material_and_resolved,1,4.934732821057587,4.3330471747821555,ok,2190783068
hea,pcgrad_nm,8,6,rho_C,30,24,True,-0.002036743459294058,-0.22269657523260938,0.19305080706251665,False,below_material_threshold,-1,4.934732821057587,4.333047174782156,ok,875197643
hea,pcgrad_nm,8,8,rho_nu,30,0,False,,,,False,cell_underdetermined,0,,,structural_target,605521372
hea,pcgrad_nm,8,8,rho_cos,30,23,True,0.8806321712528157,0.7977380044387046,0.9340105773870353,True,material_and_resolved,1,6.887420407434503,5.155423359501151,ok,3233707363
hea,pcgrad_nm,8,8,rho_C,30,23,True,0.14842980173764417,0.013368736293510267,0.2753211011753347,False,below_material_threshold,1,6.887420407434503,5.155423359501148,ok,1219175089
hea,pcgrad_nm,10,4,rho_nu,30,0,False,,,,False,cell_underdetermined,0,,,structural_target,1063344341
hea,pcgrad_nm,10,4,rho_cos,30,23,True,0.7340977449881201,0.6450994530938727,0.8112970077004662,True,material_and_resolved,1,6.819884632672199,5.085806095760919,ok,1208928012
hea,pcgrad_nm,10,4,rho_C,30,23,True,0.06426224519495213,-0.05514702628050905,0.18332038134133224,False,below_material_threshold,1,6.819884632672199,5.085806095760918,ok,1001248725
hea,pcgrad_nm,10,6,rho_nu,30,0,False,,,,False,cell_underdetermined,0,,,structural_target,2135119608
hea,pcgrad_nm,10,6,rho_cos,30,13,False,0.6580047675544374,0.5149531766891545,0.769657369959772,False,cell_underdetermined,1,10.431104771125801,6.48013232880751,collinear,3758813456
hea,pcgrad_nm,10,6,rho_C,30,13,False,0.036517596221655006,-0.1972800008996229,0.2894106105799596,False,cell_underdetermined,1,10.431104771125801,6.480132328807509,collinear,1264410018
hea,pcgrad_nm,10,8,rho_nu,30,0,False,,,,False,cell_underdetermined,0,,,structural_target,3713058241
hea,pcgrad_nm,10,8,rho_cos,30,13,False,0.9442662467566428,0.532083677155556,0.9992594301655524,False,cell_underdetermined,1,10.697663353379177,6.5317446313631695,collinear,2938774420
hea,pcgrad_nm,10,8,rho_C,30,13,False,0.09962515195006656,-0.14749565137299908,0.32991114435864244,False,cell_underdetermined,1,10.697663353379177,6.531744631363168,collinear,3430494024
hea,vanilla,4,4,rho_nu,30,0,False,,,,False,cell_underdetermined,0,,,structural_target,616137415
hea,vanilla,4,4,rho_cos,30,0,False,,,,False,cell_underdetermined,0,,,structural_target,3986949279
hea,vanilla,4,4,rho_C,30,29,True,0.01871628047027685,-0.027136514702263213,0.0680624105775179,False,below_material_threshold,1,1.3757589913838382,1.7845025641489793,ok,2886089581
hea,vanilla,4,4,rho_C_vanilla_ref,30,29,True,0.01871628047027685,-0.028107232155258843,0.06762647668210962,False,below_material_threshold,1,1.3757589913838382,1.7845025641489793,ok,27606614
hea,vanilla,4,6,rho_nu,30,0,False,,,,False,cell_underdetermined,0,,,structural_target,1714610292
hea,vanilla,4,6,rho_cos,30,0,False,,,,False,cell_underdetermined,0,,,structural_target,3950989016
hea,vanilla,4,6,rho_C,30,27,True,0.02732073046760858,-0.04866802693376181,0.10454835815911112,False,below_material_threshold,1,1.7659125134140878,2.20370675353932,ok,1118935665
hea,vanilla,4,6,rho_C_vanilla_ref,30,27,True,0.02732073046760858,-0.04763187086771507,0.10663007303420843,False,below_material_threshold,1,1.7659125134140878,2.20370675353932,ok,1068180982
hea,vanilla,4,8,rho_nu,30,0,False,,,,False,cell_underdetermined,0,,,structural_target,1291821652
hea,vanilla,4,8,rho_cos,30,0,False,,,,False,cell_underdetermined,0,,,structural_target,3334203183
hea,vanilla,4,8,rho_C,30,27,True,0.05690280932401311,0.007399822886100019,0.11046868202901651,False,below_material_threshold,1,1.4138162243581167,1.8321468141468484,ok,1078006386
hea,vanilla,4,8,rho_C_vanilla_ref,30,27,True,0.05690280932401311,0.010305005036171854,0.10961816069629852,False,below_material_threshold,1,1.4138162243581167,1.8321468141468484,ok,1885267887
hea,vanilla,6,4,rho_nu,30,0,False,,,,False,cell_underdetermined,0,,,structural_target,1374110345
hea,vanilla,6,4,rho_cos,30,0,False,,,,False,cell_underdetermined,0,,,structural_target,2449495444
hea,vanilla,6,4,rho_C,30,30,True,0.03186428281699558,-0.042083655683815085,0.10724575146401408,False,below_material_threshold,1,1.2302124477015064,1.5863883277542907,ok,3333643175
hea,vanilla,6,4,rho_C_vanilla_ref,30,30,True,0.03186428281699558,-0.0456109194904145,0.10724236256835244,False,below_material_threshold,1,1.2302124477015064,1.5863883277542907,ok,1419479596
hea,vanilla,6,6,rho_nu,30,0,False,,,,False,cell_underdetermined,0,,,structural_target,2021029949
hea,vanilla,6,6,rho_cos,30,0,False,,,,False,cell_underdetermined,0,,,structural_target,1957418827
hea,vanilla,6,6,rho_C,30,28,True,-0.017350845184334603,-0.090491948310157,0.05510969966417968,False,below_material_threshold,-1,1.863070720387223,2.2930003236972643,ok,132971454
hea,vanilla,6,6,rho_C_vanilla_ref,30,28,True,-0.017350845184334603,-0.09025022032063768,0.05399941757234511,False,below_material_threshold,-1,1.863070720387223,2.2930003236972643,ok,958678139
hea,vanilla,6,8,rho_nu,30,0,False,,,,False,cell_underdetermined,0,,,structural_target,4197623594
hea,vanilla,6,8,rho_cos,30,0,False,,,,False,cell_underdetermined,0,,,structural_target,2466528061
hea,vanilla,6,8,rho_C,30,27,True,-0.016560237741112652,-0.06183801290145048,0.028879313806134455,False,below_material_threshold,-1,2.416959538795992,2.7450112236012068,ok,1342880950
hea,vanilla,6,8,rho_C_vanilla_ref,30,27,True,-0.016560237741112652,-0.061962952995821385,0.030419470290172338,False,below_material_threshold,-1,2.416959538795992,2.7450112236012068,ok,3246338109
hea,vanilla,8,4,rho_nu,30,0,False,,,,False,cell_underdetermined,0,,,structural_target,1537315224
hea,vanilla,8,4,rho_cos,30,0,False,,,,False,cell_underdetermined,0,,,structural_target,3420366117
hea,vanilla,8,4,rho_C,30,30,True,0.01750630262019046,-0.07516883191724989,0.09454697084494046,False,below_material_threshold,1,1.0785753217729852,1.318388643517315,ok,2723573487
hea,vanilla,8,4,rho_C_vanilla_ref,30,30,True,0.01750630262019046,-0.07321801823904776,0.0960193307068386,False,below_material_threshold,1,1.0785753217729852,1.318388643517315,ok,2613173655
hea,vanilla,8,6,rho_nu,30,0,False,,,,False,cell_underdetermined,0,,,structural_target,2265395305
hea,vanilla,8,6,rho_cos,30,0,False,,,,False,cell_underdetermined,0,,,structural_target,3043534510
hea,vanilla,8,6,rho_C,30,27,True,-0.13343042256687584,-0.23646195456921149,-0.0278595462934627,False,below_material_threshold,-1,1.3412146836179468,1.7422425717680587,ok,174283439
hea,vanilla,8,6,rho_C_vanilla_ref,30,27,True,-0.13343042256687584,-0.22920446427276617,-0.02821042025882449,False,below_material_threshold,-1,1.3412146836179468,1.7422425717680587,ok,544154784
hea,vanilla,8,8,rho_nu,30,0,False,,,,False,cell_underdetermined,0,,,structural_target,3503172329
hea,vanilla,8,8,rho_cos,30,0,False,,,,False,cell_underdetermined,0,,,structural_target,998088539
hea,vanilla,8,8,rho_C,30,24,True,-0.03680698925191141,-0.0991558383495645,0.026117747858807296,False,below_material_threshold,-1,2.6885820508357585,2.937305104142501,ok,327422239
hea,vanilla,8,8,rho_C_vanilla_ref,30,24,True,-0.03680698925191141,-0.09958831165567794,0.02533224361619619,False,below_material_threshold,-1,2.6885820508357585,2.937305104142501,ok,3583505827
hea,vanilla,10,4,rho_nu,30,0,False,,,,False,cell_underdetermined,0,,,structural_target,1536283369
hea,vanilla,10,4,rho_cos,30,0,False,,,,False,cell_underdetermined,0,,,structural_target,2980643933
hea,vanilla,10,4,rho_C,30,30,True,0.11349082809816724,0.0014941913388053386,0.22100655987084167,False,below_material_threshold,1,1.2927440787953095,1.677816753422985,ok,1093240730
hea,vanilla,10,4,rho_C_vanilla_ref,30,30,True,0.11349082809816724,-0.00028181175153530185,0.21868498332947445,False,below_material_threshold,1,1.2927440787953095,1.677816753422985,ok,3760594073
hea,vanilla,10,6,rho_nu,30,0,False,,,,False,cell_underdetermined,0,,,structural_target,1632842831
hea,vanilla,10,6,rho_cos,30,0,False,,,,False,cell_underdetermined,0,,,structural_target,2543818153
hea,vanilla,10,6,rho_C,30,30,True,-0.1046561859066403,-0.2367669979698227,0.028377871650810384,False,below_material_threshold,-1,1.514502820651465,1.9448981398075074,ok,2916732849
hea,vanilla,10,6,rho_C_vanilla_ref,30,30,True,-0.1046561859066403,-0.2342672756196828,0.028158807293693404,False,below_material_threshold,-1,1.514502820651465,1.9448981398075074,ok,1033169527
hea,vanilla,10,8,rho_nu,30,0,False,,,,False,cell_underdetermined,0,,,structural_target,3576868076
hea,vanilla,10,8,rho_cos,30,0,False,,,,False,cell_underdetermined,0,,,structural_target,2661382144
hea,vanilla,10,8,rho_C,30,26,True,-0.24993496301035634,-0.3306064016941203,-0.16228485623747327,True,material_and_resolved,-1,2.269061194251524,2.624059905417002,ok,1075154535
hea,vanilla,10,8,rho_C_vanilla_ref,30,26,True,-0.24993496301035634,-0.33611543026382057,-0.16448682933189918,True,material_and_resolved,-1,2.269061194251524,2.624059905417002,ok,1465847321
hea,vanilla_ls_nm,4,4,rho_nu,30,29,True,0.14118175994151339,0.08371879883572797,0.2016876974029119,False,below_material_threshold,1,2.0179268024625743,2.468295288670637,ok,1746841541
hea,vanilla_ls_nm,4,4,rho_cos,30,0,False,,,,False,cell_underdetermined,0,,,structural_target,1943089088
hea,vanilla_ls_nm,4,4,rho_C,30,29,True,-0.0009416235513474673,-0.05846132065834132,0.05368470217204272,False,below_material_threshold,-1,2.0179268024625743,2.468295288670636,ok,4140063417
hea,vanilla_ls_nm,4,6,rho_nu,30,27,True,0.028856282156815436,-0.004302732196461911,0.0660478694434199,False,below_material_threshold,1,2.399558661451997,2.802192734341092,ok,757537306
hea,vanilla_ls_nm,4,6,rho_cos,30,0,False,,,,False,cell_underdetermined,0,,,structural_target,3751786664
hea,vanilla_ls_nm,4,6,rho_C,30,27,True,0.024434281277596174,-0.025874353375551495,0.09375606305767098,False,below_material_threshold,1,2.399558661451997,2.802192734341091,ok,578642117
hea,vanilla_ls_nm,4,8,rho_nu,30,24,True,0.05555845383307192,-0.008999332262459752,0.1450237987169175,False,below_material_threshold,1,3.3514938840273176,3.498146819760306,ok,1233809143
hea,vanilla_ls_nm,4,8,rho_cos,30,0,False,,,,False,cell_underdetermined,0,,,structural_target,2448331286
hea,vanilla_ls_nm,4,8,rho_C,30,23,True,-0.002225099686763202,-0.045255615249288825,0.04816620955637403,False,below_material_threshold,-1,3.3866083974374765,3.505197473053132,ok,3993190399
hea,vanilla_ls_nm,6,4,rho_nu,30,27,True,0.24593707498077508,0.14697972028710238,0.33674366520955784,True,material_and_resolved,1,2.538021084318906,2.8438688000381207,ok,2916963591
hea,vanilla_ls_nm,6,4,rho_cos,30,0,False,,,,False,cell_underdetermined,0,,,structural_target,1043391597
hea,vanilla_ls_nm,6,4,rho_C,30,27,True,0.03423934216404339,-0.060637837914692155,0.12630834908498673,False,below_material_threshold,1,2.538021084318907,2.8438688000381207,ok,3378150363
hea,vanilla_ls_nm,6,6,rho_nu,30,29,True,0.11974797058948695,0.07006840225555394,0.17016822428858908,False,below_material_threshold,1,2.022542202929706,2.4463020561913895,ok,2099642249
hea,vanilla_ls_nm,6,6,rho_cos,30,0,False,,,,False,cell_underdetermined,0,,,structural_target,183787056
hea,vanilla_ls_nm,6,6,rho_C,30,29,True,-0.030149803340084404,-0.10637735099839252,0.05396908447425088,False,below_material_threshold,-1,2.022542202929706,2.4463020561913904,ok,3637638839
hea,vanilla_ls_nm,6,8,rho_nu,30,26,True,0.035090465240822356,0.00887126725648608,0.06552166541392039,False,below_material_threshold,1,2.8933516036330005,3.0981425629402644,ok,2920791890
hea,vanilla_ls_nm,6,8,rho_cos,30,0,False,,,,False,cell_underdetermined,0,,,structural_target,3861005339
hea,vanilla_ls_nm,6,8,rho_C,30,26,True,-0.00956472680694403,-0.06448312220765924,0.03334321292076396,False,below_material_threshold,-1,2.893351603633001,3.0981425629402635,ok,2958460362
hea,vanilla_ls_nm,8,4,rho_nu,30,28,True,0.5183041421048395,0.39827490702565255,0.6220425272319939,True,material_and_resolved,1,2.6022776755242543,2.9244337869347867,ok,681675522
hea,vanilla_ls_nm,8,4,rho_cos,30,0,False,,,,False,cell_underdetermined,0,,,structural_target,3640124213
hea,vanilla_ls_nm,8,4,rho_C,30,28,True,0.013334706796743978,-0.08432684851016291,0.11277488817811245,False,below_material_threshold,1,2.6022776755242543,2.9244337869347863,ok,1030668246
hea,vanilla_ls_nm,8,6,rho_nu,30,29,True,0.4880231305555229,0.41988267280595454,0.5498834832610129,True,material_and_resolved,1,2.1539078134781313,2.5968792238980454,ok,2353954227
hea,vanilla_ls_nm,8,6,rho_cos,30,0,False,,,,False,cell_underdetermined,0,,,structural_target,2755366806
hea,vanilla_ls_nm,8,6,rho_C,30,29,True,-0.06360291820793931,-0.16601988601726114,0.03782352741525242,False,below_material_threshold,-1,2.1539078134781313,2.5968792238980454,ok,1305077046
hea,vanilla_ls_nm,8,8,rho_nu,30,30,True,0.09881398406670995,0.027715482669805794,0.17547936081145432,False,below_material_threshold,1,2.5147054635113344,2.8300303287363047,ok,385440716
hea,vanilla_ls_nm,8,8,rho_cos,30,0,False,,,,False,cell_underdetermined,0,,,structural_target,1220652116
hea,vanilla_ls_nm,8,8,rho_C,30,30,True,-0.009314757354101958,-0.10365678478157704,0.09034460135558338,False,below_material_threshold,-1,2.5147054635113344,2.830030328736304,ok,1307581996
hea,vanilla_ls_nm,10,4,rho_nu,30,27,True,0.5261269198541884,0.41507591384319825,0.6221954847482256,True,material_and_resolved,1,2.6913887985842404,2.962806562382556,ok,4149833818
hea,vanilla_ls_nm,10,4,rho_cos,30,0,False,,,,False,cell_underdetermined,0,,,structural_target,2640019674
hea,vanilla_ls_nm,10,4,rho_C,30,27,True,-0.04055335365244083,-0.17558956383168572,0.10261313167575649,False,below_material_threshold,-1,2.6913887985842404,2.9628065623825544,ok,1011056410
hea,vanilla_ls_nm,10,6,rho_nu,30,30,True,0.6857231822582976,0.6218389878559732,0.7399358044615505,True,material_and_resolved,1,1.985294609473205,2.4535876200243316,ok,44762966
hea,vanilla_ls_nm,10,6,rho_cos,30,0,False,,,,False,cell_underdetermined,0,,,structural_target,933239122
hea,vanilla_ls_nm,10,6,rho_C,30,30,True,-0.034185101540732836,-0.18082766033226658,0.11293818262509725,False,below_material_threshold,-1,1.985294609473205,2.453587620024332,ok,3825176381
hea,vanilla_ls_nm,10,8,rho_nu,30,28,True,0.39463470964444053,0.23913782408352144,0.5320059789747598,True,material_and_resolved,1,3.5746596930071917,3.5147658768941357,ok,2835219489
hea,vanilla_ls_nm,10,8,rho_cos,30,0,False,,,,False,cell_underdetermined,0,,,structural_target,582411201
hea,vanilla_ls_nm,10,8,rho_C,30,28,True,-0.27186081529011524,-0.430924722813134,-0.10455923300366257,True,material_and_resolved,-1,3.5746596930071917,3.514765876894135,ok,205775851
hva,lso_grid,4,4,rho_nu,30,29,True,0.12261765742767389,0.06590812881389495,0.18433063938690245,False,below_material_threshold,1,3.687984389556547,3.9586207187681977,ok,2197186227
hva,lso_grid,4,4,rho_cos,30,29,True,0.01717378948882919,-0.029914292983587217,0.0659288323472585,False,below_material_threshold,1,3.687984389556547,3.958620718768198,ok,1993468035
hva,lso_grid,4,4,rho_C,30,29,True,-0.007580583812825118,-0.07199616290697614,0.05969261037768533,False,below_material_threshold,-1,3.687984389556547,3.958620718768198,ok,23363905
hva,lso_grid,4,6,rho_nu,30,29,True,0.1491092730486699,0.08468079907572222,0.22364929963056393,False,below_material_threshold,1,3.0538670428091392,3.309924983847874,ok,1817473529
hva,lso_grid,4,6,rho_cos,30,29,True,0.04482849272953795,0.0024291494145530575,0.08950931195565903,False,below_material_threshold,1,3.0538670428091397,3.309924983847874,ok,1317111129
hva,lso_grid,4,6,rho_C,30,29,True,-0.04142010154285176,-0.09810584304827744,0.00902876756426035,False,below_material_threshold,-1,3.0538670428091406,3.3099249838478744,ok,3458764918
hva,lso_grid,4,8,rho_nu,30,23,True,0.17940964572410975,0.071711715633916,0.28919407799743174,False,below_material_threshold,1,4.100019940125995,4.194763054434414,ok,2887901438
hva,lso_grid,4,8,rho_cos,30,23,True,0.06817759143895905,0.018567036184161452,0.1186410011330735,False,below_material_threshold,1,4.100019940125995,4.194763054434414,ok,2177777754
hva,lso_grid,4,8,rho_C,30,23,True,0.019935313006938515,-0.060768557348471745,0.10101318118915352,False,below_material_threshold,1,4.100019940125995,4.194763054434414,ok,2327225841
hva,lso_grid,6,4,rho_nu,30,30,True,0.11509479780218564,0.06145907009507445,0.16654572349284488,False,below_material_threshold,1,2.989665194591696,3.347071850912932,ok,570025124
hva,lso_grid,6,4,rho_cos,30,30,True,0.06338614141937163,0.021443263632683743,0.10991503456445997,False,below_material_threshold,1,2.989665194591696,3.347071850912934,ok,1588449553
hva,lso_grid,6,4,rho_C,30,30,True,-0.0330650575302964,-0.1085532987915103,0.0445198648102742,False,below_material_threshold,-1,2.989665194591696,3.347071850912933,ok,2409815624
hva,lso_grid,6,6,rho_nu,30,28,True,0.22208356432718812,0.14354737686352917,0.30262333882599707,True,material_and_resolved,1,3.678370732301744,3.7821643009649026,ok,3483617018
hva,lso_grid,6,6,rho_cos,30,28,True,0.08086035621815515,0.03774867364817744,0.12511827145523335,False,below_material_threshold,1,3.678370732301744,3.782164300964901,ok,4109669821
hva,lso_grid,6,6,rho_C,30,28,True,-0.0961323921955357,-0.19630774314024022,-0.003112588143128143,False,below_material_threshold,-1,3.678370732301744,3.7821643009649004,ok,2825320668
hva,lso_grid,6,8,rho_nu,30,28,True,0.23857701216452484,0.15858690415720061,0.31964006091799874,True,material_and_resolved,1,3.8850650924519776,3.9542003030716506,ok,362587408
hva,lso_grid,6,8,rho_cos,30,28,True,0.03804807047537185,-0.021765967958973696,0.0981792106002352,False,below_material_threshold,1,3.8850650924519776,3.9542003030716493,ok,4199666547
hva,lso_grid,6,8,rho_C,30,28,True,-0.05122408831402413,-0.12169454348956343,0.01565380380940632,False,below_material_threshold,-1,3.8850650924519767,3.9542003030716497,ok,3763570494
hva,lso_grid,8,4,rho_nu,30,28,True,0.12409261812975862,0.0641894483638055,0.1906104784698203,False,below_material_threshold,1,2.7120665456745314,3.0829031324703378,ok,2008714419
hva,lso_grid,8,4,rho_cos,30,28,True,0.035188303510203245,0.006206022226294231,0.06793393591714005,False,below_material_threshold,1,2.712066545674532,3.082903132470336,ok,738991463
hva,lso_grid,8,4,rho_C,30,28,True,-0.021647732707256583,-0.06608336708167746,0.015584208266707,False,below_material_threshold,-1,2.712066545674532,3.0829031324703373,ok,1299432408
hva,lso_grid,8,6,rho_nu,30,29,True,0.18071474791955527,0.09107363860330243,0.2797169667047214,False,below_material_threshold,1,2.9287695247470515,3.299379154799083,ok,445509301
hva,lso_grid,8,6,rho_cos,30,29,True,-0.006450930898325004,-0.0594228972846239,0.04348664122108069,False,below_material_threshold,-1,2.928769524747052,3.2993791547990825,ok,3939633196
hva,lso_grid,8,6,rho_C,30,29,True,-0.019063705141900894,-0.08907545904304473,0.043474265703031416,False,below_material_threshold,-1,2.928769524747051,3.2993791547990825,ok,3461584241
hva,lso_grid,8,8,rho_nu,30,29,True,0.28960998338117694,0.20761257536791689,0.37249807203528257,True,material_and_resolved,1,2.8775504037839053,3.344682802492815,ok,3180278651
hva,lso_grid,8,8,rho_cos,30,29,True,-0.019608109177926547,-0.07408931357415537,0.03600219948744008,False,below_material_threshold,-1,2.8775504037839053,3.344682802492816,ok,1961749746
hva,lso_grid,8,8,rho_C,30,29,True,-0.07148866622134516,-0.13715028636031631,-0.002438497393540307,False,below_material_threshold,-1,2.8775504037839053,3.344682802492814,ok,2928043931
hva,lso_grid,10,4,rho_nu,30,29,True,0.15934196243750057,0.09408849523596295,0.2282609965131612,False,below_material_threshold,1,2.860408635273104,3.376762829541849,ok,2902781075
hva,lso_grid,10,4,rho_cos,30,29,True,0.08050675387297318,0.027359918340277928,0.13587211026242763,False,below_material_threshold,1,2.860408635273104,3.376762829541849,ok,2051895382
hva,lso_grid,10,4,rho_C,30,29,True,-0.014393730067284232,-0.0682561669504083,0.03989691894756529,False,below_material_threshold,-1,2.860408635273104,3.3767628295418497,ok,735639075
hva,lso_grid,10,6,rho_nu,30,30,True,0.16608300093112607,0.09846217689130989,0.23516142008066648,False,below_material_threshold,1,3.3166791461045335,3.660241319756113,ok,306439774
hva,lso_grid,10,6,rho_cos,30,30,True,0.023651191247129576,-0.03185111937187113,0.0826143007689623,False,below_material_threshold,1,3.3166791461045335,3.660241319756114,ok,3576920380
hva,lso_grid,10,6,rho_C,30,30,True,-0.019003763898254707,-0.07100414645957916,0.033506386472356126,False,below_material_threshold,-1,3.316679146104534,3.660241319756115,ok,3280087017
hva,lso_grid,10,8,rho_nu,30,29,True,0.2098352484775836,0.13527176796211077,0.2848926950146115,True,material_and_resolved,1,3.897233204352537,4.047254246922494,ok,476195597
hva,lso_grid,10,8,rho_cos,30,29,True,0.05455869415778917,-0.010314284266869343,0.11991534713870122,False,below_material_threshold,1,3.897233204352537,4.047254246922492,ok,171224029
hva,lso_grid,10,8,rho_C,30,29,True,-0.05284681000033387,-0.1318467619274371,0.023283010917608885,False,below_material_threshold,-1,3.897233204352537,4.047254246922494,ok,3645512699
hva,lso_pcgrad,4,4,rho_nu,30,7,False,0.020769369915792858,-0.01583565963481645,0.05853373036173882,False,cell_underdetermined,1,26.639097239370358,12.309616461597114,collinear,757754142
hva,lso_pcgrad,4,4,rho_cos,30,7,False,0.009923417225378076,-0.012274833426255544,0.03377529455920598,False,cell_underdetermined,1,26.639097239370358,12.309616461597116,collinear,550219661
hva,lso_pcgrad,4,4,rho_C,30,7,False,0.11257019631266366,0.01484614059920612,0.25037419982110876,False,cell_underdetermined,1,26.639097239370358,12.309616461597113,collinear,315885430
hva,lso_pcgrad,4,6,rho_nu,30,8,False,-0.05014823600462121,-0.12175085560563634,-0.005932349756434164,False,cell_underdetermined,-1,23.696751172473892,11.390976622107981,collinear,3692155814
hva,lso_pcgrad,4,6,rho_cos,30,8,False,-0.04379571333778457,-0.13941828302499906,0.03423721623096613,False,cell_underdetermined,-1,23.696751172473892,11.390976622107981,collinear,2498359652
hva,lso_pcgrad,4,6,rho_C,30,8,False,0.04792143559193469,-0.0078017878486600885,0.12319275361087079,False,cell_underdetermined,1,23.696751172473892,11.39097662210799,collinear,162894389
hva,lso_pcgrad,4,8,rho_nu,30,6,False,-0.038268855386522325,-0.08693675149476127,0.002739242941205958,False,cell_underdetermined,-1,25.15992841053158,12.36315603911412,collinear,1521833801
hva,lso_pcgrad,4,8,rho_cos,30,6,False,-0.037500351922359954,-0.0864476590869159,0.007035897252416903,False,cell_underdetermined,-1,25.159928410531613,12.363156039114116,collinear,3271952045
hva,lso_pcgrad,4,8,rho_C,30,6,False,-0.11742262657784552,-0.37223907686579727,0.03935188469810345,False,cell_underdetermined,-1,25.15992841053158,12.363156039114113,collinear,3327880117
hva,lso_pcgrad,6,4,rho_nu,30,8,False,0.0181624670174086,-0.04380935007394914,0.08266507040407169,False,cell_underdetermined,1,21.128076858876568,9.784571962094851,collinear,3260411354
hva,lso_pcgrad,6,4,rho_cos,30,8,False,0.0030374492717047254,-0.0600776580178586,0.07249804231178296,False,cell_underdetermined,1,21.128076858876568,9.784571962094859,collinear,3621714832
hva,lso_pcgrad,6,4,rho_C,30,8,False,-0.04375088467875254,-0.22939498386913315,0.10301318325838513,False,cell_underdetermined,-1,21.128076858876568,9.784571962094855,collinear,3698015856
hva,lso_pcgrad,6,6,rho_nu,30,7,False,0.01422724789697773,-0.027883030547803334,0.0545502332446119,False,cell_underdetermined,1,22.154460904515823,10.718121111636188,collinear,3445967374
hva,lso_pcgrad,6,6,rho_cos,30,7,False,-0.03303758723011139,-0.09580892890595148,0.03065562775663462,False,cell_underdetermined,-1,22.154460904515823,10.718121111636187,collinear,3370444533
hva,lso_pcgrad,6,6,rho_C,30,7,False,-0.032484408462941414,-0.09857094446711448,0.018368030806271297,False,cell_underdetermined,-1,22.154460904515823,10.718121111636187,collinear,146808655
hva,lso_pcgrad,6,8,rho_nu,30,2,False,-0.0025521171634344283,-0.018145389068092672,0.013042395943330998,False,cell_underdetermined,-1,29.297574982487244,12.332814684487001,collinear,1329956453
hva,lso_pcgrad,6,8,rho_cos,30,2,False,-0.0023563185216926726,-0.014623685429989186,0.00991175762823826,False,cell_underdetermined,-1,29.297574982487244,12.332814684487001,collinear,3816161511
hva,lso_pcgrad,6,8,rho_C,30,2,False,-0.013007725055784515,-0.021674612919308445,-0.0043388822715939275,False,cell_underdetermined,-1,29.297574982487244,12.332814684487,collinear,2262460712
hva,lso_pcgrad,8,4,rho_nu,30,8,False,0.04697851859166943,0.009608123766669894,0.09684866556496263,False,cell_underdetermined,1,28.107167409034894,11.621550010644262,collinear,3804351906
hva,lso_pcgrad,8,4,rho_cos,30,8,False,-0.004945189219852373,-0.0814600828695568,0.07280416759277585,False,cell_underdetermined,-1,28.107167409034894,11.621550010644238,collinear,591746722
hva,lso_pcgrad,8,4,rho_C,30,8,False,-0.0033743954036423137,-0.0164221261608661,0.010954869096542337,False,cell_underdetermined,-1,28.107167409034894,11.621550010644246,collinear,1569525193
hva,lso_pcgrad,8,6,rho_nu,30,3,False,0.01462604521001857,-0.015407530590564883,0.05597003936716119,False,cell_underdetermined,1,21.931126469549156,10.648051026508732,collinear,378493462
hva,lso_pcgrad,8,6,rho_cos,30,3,False,-0.05063729240913074,-0.1423806082486764,-0.0018175037365421316,False,cell_underdetermined,-1,21.93112646954918,10.648051026508742,collinear,1299651595
hva,lso_pcgrad,8,6,rho_C,30,3,False,0.054344412203946126,-0.0036978491283082737,0.14592594377333126,False,cell_underdetermined,1,21.93112646954918,10.648051026508744,collinear,3943687222
hva,lso_pcgrad,8,8,rho_nu,30,3,False,0.014943361538467028,-0.01742545628828184,0.07411442820309162,False,cell_underdetermined,1,30.424636719106516,12.230896629711296,collinear,3512377061
hva,lso_pcgrad,8,8,rho_cos,30,3,False,-0.07353697158295379,-0.14182097819174402,0.02507103107149808,False,cell_underdetermined,-1,30.424636719106516,12.230896629711289,collinear,950838988
hva,lso_pcgrad,8,8,rho_C,30,3,False,-0.3152153025261985,-0.47462031786957637,-0.016597571958501485,False,cell_underdetermined,-1,30.424636719106516,12.230896629711296,collinear,2458150654
hva,lso_pcgrad,10,4,rho_nu,30,5,False,0.04683781495965164,-0.1018683026623883,0.22553527389353795,False,cell_underdetermined,1,36.96066231649574,14.446122904914855,collinear,3941220146
hva,lso_pcgrad,10,4,rho_cos,30,5,False,0.05692470429327289,-0.1054125263091396,0.2500816883576381,False,cell_underdetermined,1,36.96066231649574,14.446122904914848,collinear,1739771174
hva,lso_pcgrad,10,4,rho_C,30,5,False,-0.08890174455804377,-0.21302549831260634,0.009568704212840113,False,cell_underdetermined,-1,36.96066231649574,14.44612290491484,collinear,936772359
hva,lso_pcgrad,10,6,rho_nu,30,1,False,-0.01573265805957256,-0.01573265805957256,-0.01573265805957256,False,cell_underdetermined,-1,43.47390240955579,14.966802667583455,collinear,4003902920
hva,lso_pcgrad,10,6,rho_cos,30,1,False,-0.13774388032883264,-0.13774388032883264,-0.13774388032883264,False,cell_underdetermined,-1,43.47390240955579,14.966802667583455,collinear,2207646467
hva,lso_pcgrad,10,6,rho_C,30,1,False,-0.0018196601987566254,-0.0018196601987566254,-0.0018196601987566254,False,cell_underdetermined,-1,43.47390240955579,14.96680266758346,collinear,2319842061
hva,lso_pcgrad,10,8,rho_nu,30,2,False,0.02985789174436672,0.009123054673381847,0.0505670638995525,False,cell_underdetermined,1,32.45523740069479,12.460290376283794,collinear,3279548499
hva,lso_pcgrad,10,8,rho_cos,30,2,False,-0.013463531669889565,-0.05777576215797673,0.030901644865982496,False,cell_underdetermined,-1,32.45523740069479,12.460290376283798,collinear,3804326472
hva,lso_pcgrad,10,8,rho_C,30,2,False,-0.1844808121792625,-0.2967042811426213,-0.06723145114750759,False,cell_underdetermined,-1,32.45523740069479,12.460290376283801,collinear,19131679
hva,pcgrad,4,4,rho_nu,30,30,True,-0.24604500770550353,-0.34313685510529746,-0.14803713849471148,True,material_and_resolved,-1,3.2990923230831597,3.5984520710315273,ok,2508282208
hva,pcgrad,4,4,rho_cos,30,30,True,0.9368055941067386,0.9139755252231482,0.9537950263773942,True,material_and_resolved,1,3.2990923230831597,3.598452071031527,ok,3110301991
hva,pcgrad,4,4,rho_C,30,30,True,-0.11234746062848049,-0.23885234870777944,0.008086878503544143,False,below_material_threshold,-1,3.2990923230831597,3.598452071031528,ok,3897788977
hva,pcgrad,4,6,rho_nu,30,29,True,-0.2532518226088303,-0.35154494443436374,-0.14404780970154527,True,material_and_resolved,-1,3.6111281408810525,4.1285665646399385,ok,1196273530
hva,pcgrad,4,6,rho_cos,30,29,True,0.8535711919600872,0.809608596860208,0.8848732512377916,True,material_and_resolved,1,3.6111281408810525,4.128566564639939,ok,1585110251
hva,pcgrad,4,6,rho_C,30,29,True,0.005816568184302701,-0.12401948835419081,0.1410226471195382,False,below_material_threshold,1,3.6111281408810534,4.128566564639939,ok,1676014785
hva,pcgrad,4,8,rho_nu,30,26,True,-0.35849078693326536,-0.4755200385068498,-0.234579198620668,True,material_and_resolved,-1,5.533521813784464,5.403624950781323,ok,4186016592
hva,pcgrad,4,8,rho_cos,30,26,True,0.7285679680124206,0.6429537246154069,0.7985613051075037,True,material_and_resolved,1,5.533521813784464,5.403624950781321,ok,2954540172
hva,pcgrad,4,8,rho_C,30,26,True,0.018582730215135155,-0.07846734639239132,0.11495165441589077,False,below_material_threshold,1,5.533521813784464,5.403624950781321,ok,2008566090
hva,pcgrad,6,4,rho_nu,30,29,True,-0.19937874129155372,-0.28282335792676666,-0.10653317168564787,False,below_material_threshold,-1,3.2463326047118763,3.4212979668567223,ok,3061585111
hva,pcgrad,6,4,rho_cos,30,29,True,0.9365793720977281,0.9180732684885754,0.9509155192680977,True,material_and_resolved,1,3.2463326047118763,3.4212979668567236,ok,241615931
hva,pcgrad,6,4,rho_C,30,29,True,-0.11513792486161642,-0.21618440378574832,-0.013269331270781665,False,below_material_threshold,-1,3.2463326047118763,3.421297966856723,ok,2338282411
hva,pcgrad,6,6,rho_nu,30,30,True,-0.341693428665661,-0.4338821707388904,-0.24293221234049453,True,material_and_resolved,-1,3.949977316920437,3.9721721598127395,ok,2552985670
hva,pcgrad,6,6,rho_cos,30,30,True,0.8622192851353881,0.8206710431086346,0.8945237315754552,True,material_and_resolved,1,3.949977316920437,3.972172159812741,ok,4142761100
hva,pcgrad,6,6,rho_C,30,30,True,0.0649673911198383,-0.07075487188542316,0.2028346867405675,False,below_material_threshold,1,3.949977316920438,3.9721721598127395,ok,37998260
hva,pcgrad,6,8,rho_nu,30,28,True,-0.45525469265029345,-0.5554473388787793,-0.3434654187435139,True,material_and_resolved,-1,4.685366918610891,4.451361078233214,ok,3922258559
hva,pcgrad,6,8,rho_cos,30,28,True,0.787982230800739,0.7086890228693461,0.8465463767431322,True,material_and_resolved,1,4.685366918610891,4.451361078233214,ok,2671967495
hva,pcgrad,6,8,rho_C,30,28,True,0.1286287266912269,-0.031490028336260766,0.2811620958455122,False,below_material_threshold,1,4.685366918610891,4.451361078233216,ok,2902760860
hva,pcgrad,8,4,rho_nu,30,30,True,-0.14929764365590853,-0.22024012577881752,-0.07978648768367841,False,below_material_threshold,-1,3.517397145735287,3.7440100496016298,ok,1430030184
hva,pcgrad,8,4,rho_cos,30,30,True,0.9285257779846401,0.896025454238112,0.9540394160652025,True,material_and_resolved,1,3.517397145735287,3.744010049601629,ok,56963206
hva,pcgrad,8,4,rho_C,30,30,True,-0.12691207627267564,-0.22136714806811264,-0.03019698139468839,False,below_material_threshold,-1,3.517397145735287,3.744010049601629,ok,341429366
hva,pcgrad,8,6,rho_nu,30,29,True,-0.36746678998961185,-0.46180438918382777,-0.26492973928715974,True,material_and_resolved,-1,3.6198754521217653,4.223472308582432,ok,2935275256
hva,pcgrad,8,6,rho_cos,30,29,True,0.8345569305160645,0.7898998296031431,0.8719523684007819,True,material_and_resolved,1,3.6198754521217658,4.223472308582433,ok,501939230
hva,pcgrad,8,6,rho_C,30,29,True,-0.028472678124906278,-0.16550364853219438,0.09906824787288061,False,below_material_threshold,-1,3.6198754521217653,4.223472308582433,ok,941392297
hva,pcgrad,8,8,rho_nu,30,27,True,-0.46980528493645357,-0.5455609111811889,-0.3903679821748967,True,material_and_resolved,-1,6.394845539898654,5.742349674548986,ok,2850627123
hva,pcgrad,8,8,rho_cos,30,27,True,0.7154825685848647,0.6580002988026057,0.7676765039840093,True,material_and_resolved,1,6.394845539898654,5.742349674548986,ok,4121282943
hva,pcgrad,8,8,rho_C,30,27,True,0.2815997209546193,0.1824300594700972,0.38158629086154383,True,material_and_resolved,1,6.394845539898654,5.74234967454899,ok,2324806367
hva,pcgrad,10,4,rho_nu,30,27,True,-0.18011181044082739,-0.28210879250117193,-0.07114411136092495,False,below_material_threshold,-1,4.332650154552169,4.206518634199579,ok,1178947349
hva,pcgrad,10,4,rho_cos,30,27,True,0.9106871359382023,0.8830914330778983,0.9329375371396239,True,material_and_resolved,1,4.3326501545521685,4.206518634199579,ok,2369189405
hva,pcgrad,10,4,rho_C,30,27,True,-0.07090876152579345,-0.22859076774685774,0.09894692457867729,False,below_material_threshold,-1,4.332650154552169,4.206518634199582,ok,31225431
hva,pcgrad,10,6,rho_nu,30,27,True,-0.3779159801943001,-0.45257746410657157,-0.29803524286209987,True,material_and_resolved,-1,4.06035090187428,4.308807107687165,ok,3460728407
hva,pcgrad,10,6,rho_cos,30,27,True,0.8322489664550781,0.7987902264878969,0.8600656514634096,True,material_and_resolved,1,4.06035090187428,4.308807107687164,ok,626970265
hva,pcgrad,10,6,rho_C,30,27,True,0.02736566735699997,-0.08442522851903715,0.13863136594300907,False,below_material_threshold,1,4.060350901874279,4.308807107687166,ok,1698443061
hva,pcgrad,10,8,rho_nu,30,25,True,-0.40022178036292055,-0.4916884424860331,-0.2972226407799299,True,material_and_resolved,-1,5.686760506525363,5.371533639855734,ok,1106426689
hva,pcgrad,10,8,rho_cos,30,25,True,0.6461866155749855,0.5654351310246366,0.716345449305318,True,material_and_resolved,1,5.686760506525363,5.371533639855734,ok,2399928125
hva,pcgrad,10,8,rho_C,30,25,True,0.2932053748359233,0.18170698381756145,0.40962535287426594,True,material_and_resolved,1,5.686760506525364,5.371533639855734,ok,731247475
hva,pcgrad_nm,4,4,rho_nu,30,0,False,,,,False,cell_underdetermined,0,,,structural_target,2445939795
hva,pcgrad_nm,4,4,rho_cos,30,30,True,0.9570231370658415,0.94788776816591,0.9656925377829557,True,material_and_resolved,1,1.6232290289775055,2.0773348748241913,ok,4123292210
hva,pcgrad_nm,4,4,rho_C,30,30,True,-0.20295364242311642,-0.26483002261750166,-0.1291943064489328,True,material_and_resolved,-1,1.6232290289775055,2.0773348748241913,ok,3285874400
hva,pcgrad_nm,4,6,rho_nu,30,0,False,,,,False,cell_underdetermined,0,,,structural_target,3960289892
hva,pcgrad_nm,4,6,rho_cos,30,30,True,0.947810020407973,0.9321031917178985,0.9595783663688441,True,material_and_resolved,1,1.9530917160288288,2.4382072798436116,ok,2351530072
hva,pcgrad_nm,4,6,rho_C,30,30,True,-0.15707089839234228,-0.23024459082102325,-0.07818940213462619,False,below_material_threshold,-1,1.953091716028829,2.4382072798436116,ok,1809364250
hva,pcgrad_nm,4,8,rho_nu,30,0,False,,,,False,cell_underdetermined,0,,,structural_target,2347113969
hva,pcgrad_nm,4,8,rho_cos,30,30,True,0.9218904297336652,0.8915066171986464,0.9438841437082393,True,material_and_resolved,1,1.689399855567253,2.2140227554344776,ok,2911248864
hva,pcgrad_nm,4,8,rho_C,30,30,True,-0.008718983994038138,-0.11030535292686539,0.10134896850772065,False,below_material_threshold,-1,1.689399855567253,2.2140227554344785,ok,1805244880
hva,pcgrad_nm,6,4,rho_nu,30,0,False,,,,False,cell_underdetermined,0,,,structural_target,2707015771
hva,pcgrad_nm,6,4,rho_cos,30,30,True,0.9486377979359757,0.9363624028217336,0.9580629786513719,True,material_and_resolved,1,1.9976853429824137,2.449944835742544,ok,1710078994
hva,pcgrad_nm,6,4,rho_C,30,30,True,-0.15270201961138483,-0.2590627640606066,-0.052534915636627384,False,below_material_threshold,-1,1.9976853429824142,2.4499448357425453,ok,3997526
hva,pcgrad_nm,6,6,rho_nu,30,0,False,,,,False,cell_underdetermined,0,,,structural_target,362398833
hva,pcgrad_nm,6,6,rho_cos,30,30,True,0.916566278005799,0.8964257123999352,0.9335560570487618,True,material_and_resolved,1,2.1444553652319653,2.5590675633543314,ok,2200454834
hva,pcgrad_nm,6,6,rho_C,30,30,True,-0.0264525144267966,-0.12493527435293092,0.07832440695044404,False,below_material_threshold,-1,2.1444553652319653,2.5590675633543323,ok,3666227782
hva,pcgrad_nm,6,8,rho_nu,30,0,False,,,,False,cell_underdetermined,0,,,structural_target,3588808021
hva,pcgrad_nm,6,8,rho_cos,30,30,True,0.8796535674387737,0.8505418860416672,0.9026382722385902,True,material_and_resolved,1,1.6569769078982994,2.1172297770366244,ok,1158917035
hva,pcgrad_nm,6,8,rho_C,30,30,True,0.012118721249666082,-0.13817462759358232,0.16663770335694938,False,below_material_threshold,1,1.6569769078982994,2.1172297770366226,ok,3439266528
hva,pcgrad_nm,8,4,rho_nu,30,0,False,,,,False,cell_underdetermined,0,,,structural_target,3774484723
hva,pcgrad_nm,8,4,rho_cos,30,30,True,0.9347086249326453,0.917651507945359,0.9483989526792329,True,material_and_resolved,1,2.4039175630586076,2.7521449687327957,ok,3896828307
hva,pcgrad_nm,8,4,rho_C,30,30,True,-0.1964792556050882,-0.2873085228220712,-0.10493965048216049,False,below_material_threshold,-1,2.4039175630586076,2.7521449687327952,ok,3383794852
hva,pcgrad_nm,8,6,rho_nu,30,0,False,,,,False,cell_underdetermined,0,,,structural_target,194226435
hva,pcgrad_nm,8,6,rho_cos,30,30,True,0.9005362968933431,0.8760892821317934,0.9203895922315034,True,material_and_resolved,1,1.849801969610217,2.3186369729636125,ok,2605616899
hva,pcgrad_nm,8,6,rho_C,30,30,True,-0.09099912813532579,-0.21143072954232822,0.027795899206161746,False,below_material_threshold,-1,1.849801969610217,2.3186369729636125,ok,1497586194
hva,pcgrad_nm,8,8,rho_nu,30,0,False,,,,False,cell_underdetermined,0,,,structural_target,2277240718
hva,pcgrad_nm,8,8,rho_cos,30,30,True,0.8579953907359952,0.8245207680068675,0.8856633001250276,True,material_and_resolved,1,1.9947431986001654,2.4380443079429654,ok,4283746950
hva,pcgrad_nm,8,8,rho_C,30,30,True,-0.008200297489285196,-0.10472320650735553,0.0907921733041367,False,below_material_threshold,-1,1.994743198600165,2.4380443079429646,ok,1947114785
hva,pcgrad_nm,10,4,rho_nu,30,0,False,,,,False,cell_underdetermined,0,,,structural_target,1032244131
hva,pcgrad_nm,10,4,rho_cos,30,30,True,0.9248364945373624,0.9017624986852215,0.9417765262580721,True,material_and_resolved,1,2.6573910276422232,2.948147648729518,ok,1128480300
hva,pcgrad_nm,10,4,rho_C,30,30,True,-0.18052171642983444,-0.3094576496956806,-0.039370894724024795,False,below_material_threshold,-1,2.6573910276422232,2.9481476487295173,ok,1747392491
hva,pcgrad_nm,10,6,rho_nu,30,0,False,,,,False,cell_underdetermined,0,,,structural_target,2653676332
hva,pcgrad_nm,10,6,rho_cos,30,30,True,0.8571497905661144,0.8213285349830228,0.886948601671092,True,material_and_resolved,1,2.4749152274116932,2.8045835831116586,ok,2891762547
hva,pcgrad_nm,10,6,rho_C,30,30,True,0.005385468556017308,-0.09923816369759729,0.10608996963109057,False,below_material_threshold,1,2.4749152274116937,2.8045835831116586,ok,1116439221
hva,pcgrad_nm,10,8,rho_nu,30,0,False,,,,False,cell_underdetermined,0,,,structural_target,2033007925
hva,pcgrad_nm,10,8,rho_cos,30,30,True,0.8498685160155789,0.8183174443299983,0.8775662393103798,True,material_and_resolved,1,1.8633894388567895,2.306188481804932,ok,1148849013
hva,pcgrad_nm,10,8,rho_C,30,30,True,0.0791767810796075,-0.013955074773666813,0.16983740596164437,False,below_material_threshold,1,1.863389438856789,2.3061884818049316,ok,3423735580
hva,vanilla,4,4,rho_nu,30,0,False,,,,False,cell_underdetermined,0,,,structural_target,130369789
hva,vanilla,4,4,rho_cos,30,0,False,,,,False,cell_underdetermined,0,,,structural_target,1437873737
hva,vanilla,4,4,rho_C,30,27,True,0.04104742700797127,-0.023218817334685175,0.10086659596470951,False,below_material_threshold,1,1.4199729062564577,1.8396741840782993,ok,2008229437
hva,vanilla,4,4,rho_C_vanilla_ref,30,27,True,0.04104742700797127,-0.024219491837781378,0.10232394014999734,False,below_material_threshold,1,1.4199729062564577,1.8396741840782993,ok,3588760957
hva,vanilla,4,6,rho_nu,30,0,False,,,,False,cell_underdetermined,0,,,structural_target,1217922323
hva,vanilla,4,6,rho_cos,30,0,False,,,,False,cell_underdetermined,0,,,structural_target,349724432
hva,vanilla,4,6,rho_C,30,26,True,0.04875222497562004,0.005295257534291066,0.0934914473863114,False,below_material_threshold,1,1.9172290203670634,2.340878385983052,ok,1783044404
hva,vanilla,4,6,rho_C_vanilla_ref,30,26,True,0.04875222497562004,0.004702880866421935,0.09564248186354274,False,below_material_threshold,1,1.9172290203670634,2.340878385983052,ok,920774749
hva,vanilla,4,8,rho_nu,30,0,False,,,,False,cell_underdetermined,0,,,structural_target,3093159008
hva,vanilla,4,8,rho_cos,30,0,False,,,,False,cell_underdetermined,0,,,structural_target,1014432684
hva,vanilla,4,8,rho_C,30,24,True,0.01393078660981796,-0.02970026782944839,0.05568455410314467,False,below_material_threshold,1,2.3754768725362516,2.713581337920034,ok,4077605095
hva,vanilla,4,8,rho_C_vanilla_ref,30,24,True,0.01393078660981796,-0.027831165722578044,0.05457474848734219,False,below_material_threshold,1,2.3754768725362516,2.713581337920034,ok,3476039432
hva,vanilla,6,4,rho_nu,30,0,False,,,,False,cell_underdetermined,0,,,structural_target,2600905902
hva,vanilla,6,4,rho_cos,30,0,False,,,,False,cell_underdetermined,0,,,structural_target,2316229543
hva,vanilla,6,4,rho_C,30,30,True,0.035101572018759235,-0.03048395000366828,0.11233979920256981,False,below_material_threshold,1,1.2535233704785798,1.6184179609588225,ok,3561917298
hva,vanilla,6,4,rho_C_vanilla_ref,30,30,True,0.035101572018759235,-0.029780448977107375,0.10941367815722892,False,below_material_threshold,1,1.2535233704785798,1.6184179609588225,ok,1361744546
hva,vanilla,6,6,rho_nu,30,0,False,,,,False,cell_underdetermined,0,,,structural_target,3336584565
hva,vanilla,6,6,rho_cos,30,0,False,,,,False,cell_underdetermined,0,,,structural_target,4266939452
hva,vanilla,6,6,rho_C,30,28,True,0.010939729149259675,-0.06582281410020557,0.08948211149583776,False,below_material_threshold,1,2.2622063913253676,2.6275387778177137,ok,1656499486
hva,vanilla,6,6,rho_C_vanilla_ref,30,28,True,0.010939729149259675,-0.06529134617746514,0.08736192849791191,False,below_material_threshold,1,2.2622063913253676,2.6275387778177137,ok,140959579
hva,vanilla,6,8,rho_nu,30,0,False,,,,False,cell_underdetermined,0,,,structural_target,1433360609
hva,vanilla,6,8,rho_cos,30,0,False,,,,False,cell_underdetermined,0,,,structural_target,3454849594
hva,vanilla,6,8,rho_C,30,29,True,-0.037452627965377176,-0.08601927078877468,0.009524715424849896,False,below_material_threshold,-1,1.1334768953474632,1.4299678925815464,ok,2396431990
hva,vanilla,6,8,rho_C_vanilla_ref,30,29,True,-0.037452627965377176,-0.08471384560498053,0.010420121175622745,False,below_material_threshold,-1,1.1334768953474632,1.4299678925815464,ok,887706529
hva,vanilla,8,4,rho_nu,30,0,False,,,,False,cell_underdetermined,0,,,structural_target,2054886580
hva,vanilla,8,4,rho_cos,30,0,False,,,,False,cell_underdetermined,0,,,structural_target,1851355359
hva,vanilla,8,4,rho_C,30,29,True,0.03285790408396619,-0.0243731759234079,0.08755454831647921,False,below_material_threshold,1,1.3464852299470804,1.7489097169812533,ok,3263399055
hva,vanilla,8,4,rho_C_vanilla_ref,30,29,True,0.03285790408396619,-0.027066120877108107,0.08958265821451827,False,below_material_threshold,1,1.3464852299470804,1.7489097169812533,ok,2261261222
hva,vanilla,8,6,rho_nu,30,0,False,,,,False,cell_underdetermined,0,,,structural_target,1658236968
hva,vanilla,8,6,rho_cos,30,0,False,,,,False,cell_underdetermined,0,,,structural_target,3796736603
hva,vanilla,8,6,rho_C,30,30,True,-0.0026292470464103538,-0.07623594174780383,0.06760724244731976,False,below_material_threshold,-1,1.3877686711719903,1.8000405993715773,ok,2830144110
hva,vanilla,8,6,rho_C_vanilla_ref,30,30,True,-0.0026292470464103538,-0.07229982487311173,0.06652088852759709,False,below_material_threshold,-1,1.3877686711719903,1.8000405993715773,ok,2577545781
hva,vanilla,8,8,rho_nu,30,0,False,,,,False,cell_underdetermined,0,,,structural_target,286641290
hva,vanilla,8,8,rho_cos,30,0,False,,,,False,cell_underdetermined,0,,,structural_target,3252456838
hva,vanilla,8,8,rho_C,30,30,True,0.02433053023211249,-0.03768217876691605,0.08482622488497026,False,below_material_threshold,1,1.380134018719926,1.790775951351957,ok,4031844219
hva,vanilla,8,8,rho_C_vanilla_ref,30,30,True,0.02433053023211249,-0.035847278758829364,0.0853740874877102,False,below_material_threshold,1,1.380134018719926,1.790775951351957,ok,2738628315
hva,vanilla,10,4,rho_nu,30,0,False,,,,False,cell_underdetermined,0,,,structural_target,2219923353
hva,vanilla,10,4,rho_cos,30,0,False,,,,False,cell_underdetermined,0,,,structural_target,3182887282
hva,vanilla,10,4,rho_C,30,27,True,-0.01775989383746839,-0.07878223648879798,0.035855793276589755,False,below_material_threshold,-1,1.9036578013874805,2.3290842337178566,ok,2305056179
hva,vanilla,10,4,rho_C_vanilla_ref,30,27,True,-0.01775989383746839,-0.07811759699008866,0.03751403042669079,False,below_material_threshold,-1,1.9036578013874805,2.3290842337178566,ok,1312044929
hva,vanilla,10,6,rho_nu,30,0,False,,,,False,cell_underdetermined,0,,,structural_target,755730762
hva,vanilla,10,6,rho_cos,30,0,False,,,,False,cell_underdetermined,0,,,structural_target,28471729
hva,vanilla,10,6,rho_C,30,28,True,0.03870092613916206,-0.01349465066045817,0.09747616016552553,False,below_material_threshold,1,1.356877134689305,1.7622414055913502,ok,2619612195
hva,vanilla,10,6,rho_C_vanilla_ref,30,28,True,0.03870092613916206,-0.011712157396381458,0.09677951586143899,False,below_material_threshold,1,1.356877134689305,1.7622414055913502,ok,1172322861
hva,vanilla,10,8,rho_nu,30,0,False,,,,False,cell_underdetermined,0,,,structural_target,2950396841
hva,vanilla,10,8,rho_cos,30,0,False,,,,False,cell_underdetermined,0,,,structural_target,2548528043
hva,vanilla,10,8,rho_C,30,28,True,0.08282992583299056,0.028149482655384563,0.14292212892577782,False,below_material_threshold,1,1.5190051709446104,1.9446116734859782,ok,813420049
hva,vanilla,10,8,rho_C_vanilla_ref,30,28,True,0.08282992583299056,0.027463011374004878,0.1423057450523665,False,below_material_threshold,1,1.5190051709446104,1.9446116734859782,ok,2842079806
hva,vanilla_ls_nm,4,4,rho_nu,30,30,True,0.06988455781530095,0.01581583116272465,0.12946468646736248,False,below_material_threshold,1,2.430304825254141,2.840210486648467,ok,4155260020
hva,vanilla_ls_nm,4,4,rho_cos,30,0,False,,,,False,cell_underdetermined,0,,,structural_target,2131048578
hva,vanilla_ls_nm,4,4,rho_C,30,30,True,0.03976820800662062,-0.0002774575399609844,0.08104819421993992,False,below_material_threshold,1,2.430304825254142,2.840210486648467,ok,2296339417
hva,vanilla_ls_nm,4,6,rho_nu,30,26,True,0.007618370482901539,-0.00787227302852153,0.024851505664557322,False,below_material_threshold,1,4.147345677262532,4.006977148021956,ok,1304347079
hva,vanilla_ls_nm,4,6,rho_cos,30,0,False,,,,False,cell_underdetermined,0,,,structural_target,1944288
hva,vanilla_ls_nm,4,6,rho_C,30,26,True,-0.015527896115169273,-0.039002995531379626,0.006502308173873029,False,below_material_threshold,-1,4.147345677262532,4.006977148021954,ok,3544614663
hva,vanilla_ls_nm,4,8,rho_nu,30,18,False,0.04766217402790201,-0.020808028309509893,0.13278203383131354,False,cell_underdetermined,1,3.4787015552654315,3.4957705929943605,ok,3196761929
hva,vanilla_ls_nm,4,8,rho_cos,30,0,False,,,,False,cell_underdetermined,0,,,structural_target,4196386243
hva,vanilla_ls_nm,4,8,rho_C,30,18,False,0.03754313098986433,-0.03134867087253152,0.13691907297486394,False,cell_underdetermined,1,3.478701555265431,3.4957705929943583,ok,3049778457
hva,vanilla_ls_nm,6,4,rho_nu,30,29,True,0.13993796089864094,0.07018020813990707,0.21856814179424477,False,below_material_threshold,1,2.10728378521629,2.5752568051797375,ok,316745457
hva,vanilla_ls_nm,6,4,rho_cos,30,0,False,,,,False,cell_underdetermined,0,,,structural_target,1510944230
hva,vanilla_ls_nm,6,4,rho_C,30,29,True,-0.01636873109643968,-0.07352568561931835,0.04702299960643618,False,below_material_threshold,-1,2.1072837852162905,2.5752568051797384,ok,3305637039
hva,vanilla_ls_nm,6,6,rho_nu,30,28,True,0.09404443515758688,0.0330999715355366,0.16254100584647274,False,below_material_threshold,1,2.5231531608329356,2.9120663266038367,ok,3507137074
hva,vanilla_ls_nm,6,6,rho_cos,30,0,False,,,,False,cell_underdetermined,0,,,structural_target,4201787821
hva,vanilla_ls_nm,6,6,rho_C,30,28,True,-0.018454633791694673,-0.08737109930270638,0.04170752730458404,False,below_material_threshold,-1,2.523153160832936,2.9120663266038376,ok,2922497510
hva,vanilla_ls_nm,6,8,rho_nu,30,30,True,0.08491949466538389,0.02912149781602082,0.1508736533227584,False,below_material_threshold,1,3.732756549960735,3.68222599483893,ok,2453216719
hva,vanilla_ls_nm,6,8,rho_cos,30,0,False,,,,False,cell_underdetermined,0,,,structural_target,621137557
hva,vanilla_ls_nm,6,8,rho_C,30,30,True,0.03256650147506352,-0.009636698418696115,0.08555435418629971,False,below_material_threshold,1,3.732756549960735,3.682225994838932,ok,1704075847
hva,vanilla_ls_nm,8,4,rho_nu,30,27,True,0.021514872779020124,-0.006843920751015513,0.04909537221307295,False,below_material_threshold,1,2.0340848855089244,2.4526707964960734,ok,923076590
hva,vanilla_ls_nm,8,4,rho_cos,30,0,False,,,,False,cell_underdetermined,0,,,structural_target,3762984584
hva,vanilla_ls_nm,8,4,rho_C,30,27,True,0.028881069503193885,-0.027485136348371637,0.08594545615618443,False,below_material_threshold,1,2.034084885508924,2.452670796496074,ok,3033428411
hva,vanilla_ls_nm,8,6,rho_nu,30,27,True,0.0828487166948999,0.020942341464471676,0.15129575951332483,False,below_material_threshold,1,2.610479803116365,2.9492420045710936,ok,1637465641
hva,vanilla_ls_nm,8,6,rho_cos,30,0,False,,,,False,cell_underdetermined,0,,,structural_target,3809483974
hva,vanilla_ls_nm,8,6,rho_C,30,27,True,0.032890141245951555,-0.005188030037960132,0.07567092156483911,False,below_material_threshold,1,2.610479803116365,2.9492420045710936,ok,632848196
hva,vanilla_ls_nm,8,8,rho_nu,30,25,True,0.08805885976659035,0.021967102218107392,0.1697273011699331,False,below_material_threshold,1,4.092520943890458,3.8631997849380926,ok,3464877496
hva,vanilla_ls_nm,8,8,rho_cos,30,0,False,,,,False,cell_underdetermined,0,,,structural_target,1279531749
hva,vanilla_ls_nm,8,8,rho_C,30,25,True,-0.01415167411868122,-0.05738208415737206,0.02773191527061841,False,below_material_threshold,-1,4.092520943890458,3.863199784938093,ok,3794891629
hva,vanilla_ls_nm,10,4,rho_nu,30,29,True,0.11907320603105495,0.04312675814974062,0.2004884586667751,False,below_material_threshold,1,2.917149288739619,3.162725298344612,ok,2134354339
hva,vanilla_ls_nm,10,4,rho_cos,30,0,False,,,,False,cell_underdetermined,0,,,structural_target,1067063228
hva,vanilla_ls_nm,10,4,rho_C,30,29,True,-0.025302129529311098,-0.09414092689851589,0.049998459359394204,False,below_material_threshold,-1,2.917149288739619,3.162725298344613,ok,1974303048
hva,vanilla_ls_nm,10,6,rho_nu,30,28,True,0.041510418145710874,-0.009660281101814624,0.09936792676848641,False,below_material_threshold,1,3.0741972209747037,3.2196589071429003,ok,2933209367
hva,vanilla_ls_nm,10,6,rho_cos,30,0,False,,,,False,cell_underdetermined,0,,,structural_target,3934230585
hva,vanilla_ls_nm,10,6,rho_C,30,28,True,0.061742144320372505,0.019649421196467686,0.11315609511235593,False,below_material_threshold,1,3.074197220974704,3.2196589071429016,ok,1100826587
hva,vanilla_ls_nm,10,8,rho_nu,30,26,True,0.08309035595780061,0.03422039719039549,0.1393088942177157,False,below_material_threshold,1,4.372442847943675,3.9847131464095176,ok,3442110378
hva,vanilla_ls_nm,10,8,rho_cos,30,0,False,,,,False,cell_underdetermined,0,,,structural_target,3508010465
hva,vanilla_ls_nm,10,8,rho_C,30,26,True,0.014382533137246502,-0.02147599316695956,0.05613118460912229,False,below_material_threshold,1,4.372442847943675,3.9847131464095162,ok,1174469585
