ansatz,variant,n_qubits,depth,n_seeds_sqrtQ_audit,n_seeds_R_audit,s_R_median,s_A_median,s_RA_cov_median,s_cov_median,sum_check_median,s_G_within_R_median,s_nu_within_R_median,s_Gnu_cov_within_R_median,sum_check_R_median
hea,lso_grid,4,4,30,30,0.445071863769489,0.13299274701609792,0.4212776970324882,0.4212776970324882,1.0,0.7633378394910582,0.03213907428239027,0.19952349079361614,1.0
hea,lso_grid,4,6,30,30,0.4140241773545485,0.14602912632256346,0.42847776303464746,0.42847776303464746,1.0,0.8231078403096039,0.01541862161512125,0.16224137925440899,1.0
hea,lso_grid,4,8,30,30,0.4064659297270018,0.15011528993799517,0.4364582142923912,0.4364582142923912,1.0,0.869676618849923,0.009870457219204752,0.1218055077055531,1.0
hea,lso_grid,6,4,30,30,0.6614381440134738,0.0991713835743426,0.282869199228553,0.282869199228553,1.0,0.6269989761198816,0.08106092887234342,0.29279936550586394,1.0
hea,lso_grid,6,6,30,30,0.4662183357466648,0.13148541297900906,0.39430797175445276,0.39430797175445276,1.0,0.6217299748348624,0.06832398506052625,0.3098893852211734,1.0
hea,lso_grid,6,8,30,30,0.432441469517172,0.1473696805725147,0.42830759068723423,0.42830759068723423,1.0,0.6596859192770681,0.05591887213329451,0.285291966212806,1.0
hea,lso_grid,8,4,30,30,0.7845577541929718,0.08149186091080804,0.1465053264930993,0.1465053264930993,1.0,0.5872010355748197,0.11023460810082586,0.3032379573483066,1.0
hea,lso_grid,8,6,30,30,0.6405818078568241,0.17930594160942503,0.23200535377154624,0.23200535377154624,1.0,0.5135802211213927,0.18972761500403407,0.26688271006460196,1.0
hea,lso_grid,8,8,30,30,0.419290985958138,0.16562575611081762,0.42051907657288107,0.42051907657288107,1.0,0.6519132646943677,0.08528274785856188,0.2506068017728432,1.0
hea,lso_grid,10,4,30,30,0.8622253552810973,0.10179662211138849,0.05054285751587303,0.05054285751587303,1.0,0.5926780404212625,0.08799179204402394,0.29944619001482176,1.0
hea,lso_grid,10,6,30,30,0.5171376415963944,0.3466533430683288,0.22865319976523352,0.22865319976523352,1.0,0.5943528498705981,0.2965782780879944,0.18691583190120337,1.0
hea,lso_grid,10,8,30,30,0.2604703267647346,0.28959344209484883,0.4405904605888403,0.4405904605888403,1.0,1.1160061693982282,0.16564175100716894,-0.24317474861244348,1.0
hea,lso_pcgrad,4,4,30,30,0.41510160602750346,0.13942848810339814,0.4440547627263752,0.4440547627263752,1.0,0.7615293611429006,0.03214567113544951,0.20064326412818143,1.0
hea,lso_pcgrad,4,6,30,30,0.38620957689798585,0.15189263482063567,0.4643537705527472,0.4643537705527472,1.0,0.8231102845344875,0.015277049666624524,0.16257169481182232,1.0
hea,lso_pcgrad,4,8,30,30,0.34242094596757644,0.18031225391214578,0.4759924756542216,0.4759924756542216,1.0,0.8676123358524943,0.009717866061737801,0.12409010721735626,1.0
hea,lso_pcgrad,6,4,30,30,0.6528258804403835,0.09397974925478378,0.2844587002556631,0.2844587002556631,1.0,0.6250136888671773,0.07878342468192326,0.2956892997291859,1.0
hea,lso_pcgrad,6,6,30,30,0.4538392143508979,0.13009741368443792,0.4186510892123544,0.4186510892123544,1.0,0.6189765820488713,0.06783519274672675,0.3128612918232609,1.0
hea,lso_pcgrad,6,8,30,30,0.42453176845418317,0.13209207767027753,0.44632823742894245,0.44632823742894245,1.0,0.6593441237631287,0.05394646125032411,0.28706921628783705,1.0
hea,lso_pcgrad,8,4,30,30,0.7595672860152832,0.07312692500992735,0.16812732942601882,0.16812732942601882,1.0,0.5876656637616506,0.11071416167743878,0.3070628044767838,1.0
hea,lso_pcgrad,8,6,30,30,0.6252054327824016,0.16732600125461514,0.26014607570139237,0.26014607570139237,1.0,0.5114375497974663,0.18532089741392588,0.26667223981745203,1.0
hea,lso_pcgrad,8,8,30,30,0.40583655143076947,0.16235065717048397,0.4251159148241634,0.4251159148241634,1.0,0.6532922293736445,0.08474787722883764,0.2552547874404896,1.0
hea,lso_pcgrad,10,4,30,30,0.8600084671787007,0.08557146459926543,0.0690846439869435,0.0690846439869435,1.0,0.5920170832715533,0.08585682868364183,0.29988346928663817,1.0
hea,lso_pcgrad,10,6,30,30,0.49243005498848474,0.3136466241225702,0.2569288941626025,0.2569288941626025,1.0,0.5883658222139552,0.2966868626916999,0.18995308453479398,1.0
hea,lso_pcgrad,10,8,30,30,0.2604703267647346,0.2882849280318024,0.44642461236032627,0.44642461236032627,1.0,1.1160061693982282,0.16579900011744392,-0.24391740654399663,1.0
hea,pcgrad,4,4,30,30,0.1364221663652782,0.5159210780308148,0.36142214945928847,0.36142214945928847,0.9999999999999998,0.6642371642319436,0.70304468958637,-0.5545851153604406,1.0
hea,pcgrad,4,6,30,30,0.15301631162232737,0.5550256200563775,0.28103451679820457,0.28103451679820457,1.0,0.962488083876035,0.6680154476577556,-0.6789100399220126,1.0
hea,pcgrad,4,8,30,30,0.2082611010530958,0.5682892938217374,0.2715914759896377,0.2715914759896377,1.0,1.3240942677433236,0.8432894036938631,-1.0502571826092348,0.9999999999999998
hea,pcgrad,6,4,30,30,0.17493911898747472,0.6135206747296735,0.20812695097379796,0.20812695097379796,1.0,1.4202003730534145,2.071743384157319,-2.4575570151781436,1.0
hea,pcgrad,6,6,30,30,0.17033092451282753,0.44937024136501147,0.39399658213981287,0.39399658213981287,1.0,1.0575990529636738,0.5507414002423345,-0.7360666792842893,1.0
hea,pcgrad,6,8,30,30,0.1337990906774445,0.46569540201099724,0.4117428433047524,0.4117428433047524,1.0,1.127592962096874,0.6318719305003029,-0.6762212211164484,1.0
hea,pcgrad,8,4,30,30,0.22916640841557775,0.7854600289880144,0.08123512937741748,0.08123512937741748,1.0,1.8450954055622169,2.2662292825589923,-2.3963396416641016,1.0
hea,pcgrad,8,6,30,30,0.20210982672131575,0.362032064847185,0.4188438875803565,0.4188438875803565,1.0,1.658834329613781,0.4985846542183394,-1.509802847903157,1.0
hea,pcgrad,8,8,30,30,0.13830109506368554,0.40997989198306195,0.45047888179842976,0.45047888179842976,1.0,1.167557571578724,0.6141766110784288,-0.7397302262970546,1.0
hea,pcgrad,10,4,30,30,0.19841383282242753,0.6448606830839938,0.18624026770195196,0.18624026770195196,1.0,2.088382410979719,2.4126071125828137,-3.7337530942750266,1.0
hea,pcgrad,10,6,30,30,0.2894560811020572,0.2643093438646473,0.4416385010642233,0.4416385010642233,1.0,1.2934406318016398,0.24699345196775624,-0.6463624622545933,1.0
hea,pcgrad,10,8,30,30,0.13598854645823433,0.4064997755681995,0.4541882815481139,0.4541882815481139,1.0,2.207168682901065,0.6251290831690792,-1.8625853276165143,0.9999999999999998
hea,pcgrad_nm,4,4,30,30,0.1376191760796794,0.6425858374366569,0.2064432993939121,0.2064432993939121,1.0,0.9999999999999999,3.2081312284793727e-31,4.4579587753335976e-17,1.0
hea,pcgrad_nm,4,6,30,30,0.1480131045373703,0.7076742796371542,0.1639654556025407,0.1639654556025407,1.0,1.0,4.141333610217192e-31,-4.514748809185739e-17,1.0
hea,pcgrad_nm,4,8,30,30,0.13621473641184823,0.6206768354731178,0.21956861842741493,0.21956861842741493,1.0,1.0,6.775036518447531e-31,-4.443710343251172e-17,1.0
hea,pcgrad_nm,6,4,30,30,0.28240889548922016,0.5373671976876437,0.18836806152072444,0.18836806152072444,1.0,1.0,4.2641138890442145e-31,5.966330634222609e-18,1.0
hea,pcgrad_nm,6,6,30,30,0.20298006338098268,0.43779120393094356,0.36873001009854334,0.36873001009854334,1.0,1.0,6.697741456141483e-31,2.671640486886306e-17,1.0
hea,pcgrad_nm,6,8,30,30,0.1295628919363213,0.5781055202874432,0.2756860264029898,0.2756860264029898,1.0,1.0,3.1723871697333532e-31,3.0718000953852426e-17,1.0
hea,pcgrad_nm,8,4,30,30,0.28413365554353165,0.4367820564585587,0.262733320978339,0.262733320978339,1.0,1.0,7.025302747217829e-31,-3.8917480753493026e-17,1.0
hea,pcgrad_nm,8,6,30,30,0.2774180764797237,0.2818543852936836,0.4455107089257617,0.4455107089257617,1.0,1.0,4.345953517971342e-31,-1.7480632639150996e-17,1.0
hea,pcgrad_nm,8,8,30,30,0.23090825312454072,0.29266884423105266,0.47959476750561475,0.47959476750561475,1.0,1.0,2.7245875724913095e-31,4.55666676950334e-18,1.0
hea,pcgrad_nm,10,4,30,30,0.3658478787291605,0.46808745715149336,0.15574111977060526,0.15574111977060526,1.0,1.0,5.72194511555474e-31,1.5278868486455442e-18,1.0
hea,pcgrad_nm,10,6,30,30,0.27631944687827525,0.2801001464750716,0.4444518359527373,0.4444518359527373,1.0,1.0,6.897510996776759e-31,-5.4195203060414897e-17,1.0
hea,pcgrad_nm,10,8,30,30,0.24635629640799728,0.26027065965731067,0.49219423206243473,0.49219423206243473,1.0,1.0,3.3514566073109744e-31,1.1436770905786811e-17,1.0
hea,vanilla,4,4,30,30,0.376276933893375,0.15803602029536312,0.46627740483633406,0.46627740483633406,1.0,1.0,0.0,0.0,1.0
hea,vanilla,4,6,30,30,0.3380296818367026,0.18183399821771862,0.4737155073923621,0.4737155073923621,1.0,1.0,0.0,0.0,1.0
hea,vanilla,4,8,30,30,0.394287389718879,0.14097869307143185,0.46177165232741246,0.46177165232741246,1.0,1.0,0.0,0.0,1.0
hea,vanilla,6,4,30,30,0.45000576169488615,0.13637516779412318,0.4221850223791367,0.4221850223791367,1.0,1.0,0.0,0.0,1.0
hea,vanilla,6,6,30,30,0.34743880242653663,0.1754410281481778,0.48044584814257607,0.48044584814257607,1.0,1.0,0.0,0.0,1.0
hea,vanilla,6,8,30,30,0.3164649381750472,0.19606761581453958,0.48674599650899497,0.48674599650899497,1.0,1.0,0.0,0.0,1.0
hea,vanilla,8,4,30,30,0.47023683997106513,0.1485091798003122,0.34815158925141787,0.34815158925141787,1.0,1.0,0.0,0.0,1.0
hea,vanilla,8,6,30,30,0.3627481357308666,0.19270853160183787,0.41720448057610426,0.41720448057610426,1.0,1.0,0.0,0.0,1.0
hea,vanilla,8,8,30,30,0.3199316300681707,0.1934833825620692,0.48760317253210317,0.48760317253210317,1.0,1.0,0.0,0.0,1.0
hea,vanilla,10,4,30,30,0.5142401193885181,0.12866359748701175,0.3567574059013071,0.3567574059013071,1.0,1.0,0.0,0.0,1.0
hea,vanilla,10,6,30,30,0.23419664019860942,0.35928944905529925,0.4234499635381072,0.4234499635381072,1.0,1.0,0.0,0.0,1.0
hea,vanilla,10,8,30,30,0.320754512199121,0.20512555214249978,0.47408975486486893,0.47408975486486893,1.0,1.0,0.0,0.0,1.0
hea,vanilla_ls_nm,4,4,30,30,0.3796296208316515,0.15819804051383257,0.4668965571701884,0.4668965571701884,1.0,1.0177103535447607,0.00963367558480746,-0.025772183800089478,1.0
hea,vanilla_ls_nm,4,6,30,30,0.3591136618658407,0.17455228010739765,0.4722254928362325,0.4722254928362325,1.0,0.9819810893849104,0.0061970409646153485,0.012488583091569454,1.0
hea,vanilla_ls_nm,4,8,30,30,0.36056702319326206,0.1660706007440534,0.47363257263698844,0.47363257263698844,1.0,0.9701493984649829,0.003040771747915144,0.026316313046990697,0.9999999999999999
hea,vanilla_ls_nm,6,4,30,30,0.5424717918296926,0.11442793126514508,0.33382044642898034,0.33382044642898034,1.0,1.0531240142179157,0.016593513887841336,-0.06886474198672952,1.0
hea,vanilla_ls_nm,6,6,30,30,0.33586871363876525,0.19001896270361768,0.4766846931346799,0.4766846931346799,1.0,1.0940278411172888,0.019484508752208696,-0.10795881227506517,1.0
hea,vanilla_ls_nm,6,8,30,30,0.34279431838550967,0.18208037372200234,0.4763111463424693,0.4763111463424693,1.0,0.9724478109657264,0.011121093198133591,0.017248115344647444,0.9999999999999999
hea,vanilla_ls_nm,8,4,30,30,0.6091380763453784,0.09031037014638571,0.31392928563598155,0.31392928563598155,1.0,1.0267412986263689,0.017244219745878545,-0.07420911316554304,1.0
hea,vanilla_ls_nm,8,6,30,30,0.4667638256305834,0.21289396703203997,0.3830155937120921,0.3830155937120921,1.0,1.1904064322272112,0.07447921160078352,-0.25713431516143476,1.0
hea,vanilla_ls_nm,8,8,30,30,0.3280054786465041,0.2121840543731689,0.47365450211657156,0.47365450211657156,1.0,1.3043046149803672,0.046909091582600454,-0.35910250275009403,1.0
hea,vanilla_ls_nm,10,4,30,30,0.6320292453831713,0.09588919593394203,0.2970632516093722,0.2970632516093722,1.0,1.0275860179875433,0.019067485193868694,-0.047493632425142845,1.0
hea,vanilla_ls_nm,10,6,30,30,0.3477466899451067,0.2981938710040385,0.3883641571674462,0.3883641571674462,1.0,0.9874920951981051,0.08707472808576788,-0.05941276670505511,1.0
hea,vanilla_ls_nm,10,8,30,30,0.2621900119705698,0.29747396383545416,0.45550157517270934,0.45550157517270934,1.0,1.5750176792749393,0.18252463103813182,-0.7400765105817984,1.0
hva,lso_grid,4,4,30,30,0.5064278749548046,0.10163116190666749,0.39745313661822534,0.39745313661822534,1.0,0.9102355150849492,0.006137601230626899,0.08182233596260526,0.9999999999999999
hva,lso_grid,4,6,30,30,0.47231718543017687,0.12070209707474314,0.4082222294304562,0.4082222294304562,1.0,0.9290866733351906,0.0042787578713585,0.06788590709722751,1.0
hva,lso_grid,4,8,30,30,0.5495101713278785,0.08563743320553094,0.3638342063846359,0.3638342063846359,1.0,0.9269184238034319,0.003988701285106155,0.06683973606344742,1.0
hva,lso_grid,6,4,30,30,0.487726224438319,0.11248998112360033,0.403998662025583,0.403998662025583,1.0,0.8894040556360039,0.010817613096225327,0.09952081988848852,1.0
hva,lso_grid,6,6,30,30,0.522559400504657,0.09591225581247587,0.3889226463231319,0.3889226463231319,1.0,0.8857415538017586,0.009727032985406864,0.1050991306260852,1.0
hva,lso_grid,6,8,30,30,0.48518532868098796,0.11089984750009108,0.40214157721473387,0.40214157721473387,1.0,0.9083479921657817,0.007362193472757541,0.08589808937205973,1.0
hva,lso_grid,8,4,30,30,0.5125501858617016,0.09184072550183113,0.3972958818781268,0.3972958818781268,1.0,0.8928861652256044,0.00861037209374418,0.09926594526825883,1.0
hva,lso_grid,8,6,30,30,0.5041158431057352,0.10018016193310336,0.3882247207975755,0.3882247207975755,1.0,0.8935881623676132,0.0075394612480764855,0.09917786696553703,1.0
hva,lso_grid,8,8,30,30,0.5123321642573646,0.1013361489563828,0.38287842986366777,0.38287842986366777,1.0,0.9014965022037843,0.0065475613924866035,0.09252718740519981,1.0
hva,lso_grid,10,4,30,30,0.5268395255804977,0.08525819254964884,0.3857492729439116,0.3857492729439116,1.0,0.8751483482288349,0.010712411013506066,0.1113306824119118,1.0
hva,lso_grid,10,6,30,30,0.516758700166801,0.09492159273969566,0.3851777100366168,0.3851777100366168,1.0,0.8991661533793922,0.0072869885741243074,0.09354685804648342,1.0
hva,lso_grid,10,8,30,30,0.5284240191378169,0.09827623268401789,0.38069702775524317,0.38069702775524317,1.0,0.9022100272275068,0.006269277817922058,0.09208252815713963,1.0
hva,lso_pcgrad,4,4,30,30,0.4468978833213755,0.11906836444359503,0.43038970790659214,0.43038970790659214,1.0,0.9080180658865361,0.006048347338665526,0.0849449868710831,1.0
hva,lso_pcgrad,4,6,30,30,0.40667776662022304,0.1391881732314762,0.4548296364727531,0.4548296364727531,1.0,0.9262220580971147,0.004004065746407319,0.07078984208060074,1.0
hva,lso_pcgrad,4,8,30,30,0.5133261316491617,0.08386101843495912,0.40226977365879624,0.40226977365879624,1.0,0.9256344823546696,0.003850091207571091,0.0695313207272896,1.0
hva,lso_pcgrad,6,4,30,30,0.4729674277520576,0.11220275099715202,0.42296011813594747,0.42296011813594747,1.0,0.886106470155499,0.010591606752640176,0.10133842082525643,1.0
hva,lso_pcgrad,6,6,30,30,0.4791810131277747,0.10290614596310212,0.41410229867679704,0.41410229867679704,1.0,0.8854997528129035,0.00936545487117758,0.10535185399975752,1.0
hva,lso_pcgrad,6,8,30,30,0.4322635433839084,0.12135288862347611,0.4447049038236266,0.4447049038236266,1.0,0.9035612113141807,0.007374917563988706,0.08968643679888658,1.0
hva,lso_pcgrad,8,4,30,30,0.4868598621838536,0.0947093885671674,0.4154469528089194,0.4154469528089194,1.0,0.8891274232651294,0.007994320635342535,0.1030895296929962,1.0
hva,lso_pcgrad,8,6,30,30,0.4561326437161467,0.11115571574878301,0.4327116405350702,0.4327116405350702,1.0,0.8908946520034077,0.007583506115281223,0.10182655729348769,1.0
hva,lso_pcgrad,8,8,30,30,0.4194198085471338,0.13109151866922253,0.4472798842806664,0.4472798842806664,1.0,0.9003456593296699,0.006551536468258352,0.09354354326439628,1.0
hva,lso_pcgrad,10,4,30,30,0.5112644597467064,0.08868778112202584,0.39886782008800153,0.39886782008800153,1.0,0.8729507160431635,0.010312122917176508,0.11341834172353177,1.0
hva,lso_pcgrad,10,6,30,30,0.4186514358111555,0.13111578226971687,0.4493573370502,0.4493573370502,1.0,0.8959495256942025,0.007324292208572658,0.09672618209722489,1.0
hva,lso_pcgrad,10,8,30,30,0.43901052847079186,0.11963625778879508,0.4387619618065205,0.4387619618065205,1.0,0.896649935239489,0.006262922056837762,0.09717301133500839,0.9999999999999999
hva,pcgrad,4,4,30,30,0.1233631164384777,0.6441817123211369,0.23134261018414148,0.23134261018414148,1.0,0.5408500448424831,1.246045058208452,-0.6991397471706329,1.0
hva,pcgrad,4,6,30,30,0.1407517418683772,0.5704765607116535,0.2666857626473557,0.2666857626473557,1.0,0.7870523891376049,0.8958727017568954,-0.6813863611404387,1.0
hva,pcgrad,4,8,30,30,0.17662800180666305,0.5789896931719904,0.27216829211480253,0.27216829211480253,1.0,2.6887827153838657,2.232296856139365,-3.924670763947051,1.0000000000000002
hva,pcgrad,6,4,30,30,0.1379268618303595,0.587348280661929,0.26592192928404446,0.26592192928404446,0.9999999999999999,0.41640630921128363,0.9530730237744323,-0.5068377421182921,1.0
hva,pcgrad,6,6,30,30,0.1306434425742938,0.5993609723499955,0.2544167403996906,0.2544167403996906,1.0,1.0154369633936864,1.1648464096649125,-1.2526640897422294,1.0
hva,pcgrad,6,8,30,30,0.15242793590662967,0.5803715130604146,0.26889028878797805,0.26889028878797805,1.0,1.8580055601634793,1.428771772175513,-2.1623347301382143,1.0
hva,pcgrad,8,4,30,30,0.15747983798399162,0.5650384136463439,0.29995496336708355,0.29995496336708355,1.0,0.44323476595271927,0.8891379319566624,-0.35254344495904233,1.0
hva,pcgrad,8,6,30,30,0.13183359126821548,0.5459935994514666,0.3235593279161967,0.3235593279161967,1.0,0.9771530996283475,0.9076733970160503,-0.7767465883333828,1.0
hva,pcgrad,8,8,30,30,0.12663214718321114,0.5787516278690155,0.30277650575141535,0.30277650575141535,1.0,2.3908113096321966,1.87542530745301,-3.274728079168667,1.0
hva,pcgrad,10,4,30,30,0.15800379035328124,0.5104358799467686,0.3254064945733115,0.3254064945733115,1.0,0.47848853312527473,0.8502255509008538,-0.2517184656568227,1.0
hva,pcgrad,10,6,30,30,0.1415855440873945,0.5490022174496663,0.28569862309917404,0.28569862309917404,1.0,1.1571492817499105,1.0040829312898714,-1.170525434880822,0.9999999999999999
hva,pcgrad,10,8,30,30,0.13917216563115853,0.5520045445971901,0.3384337670775986,0.3384337670775986,1.0,1.9646161036595697,1.7376091859628113,-2.9430517581550877,1.0
hva,pcgrad_nm,4,4,30,30,0.09300529422470395,0.8224509556520737,0.071258941082968,0.071258941082968,0.9999999999999999,1.0,1.0347862187240955e-30,-3.518269895061504e-17,1.0
hva,pcgrad_nm,4,6,30,30,0.11111833803435558,0.7785921561689291,0.10373578403449576,0.10373578403449576,1.0,1.0,1.2510112949965818e-30,-5.4261440243990603e-17,1.0
hva,pcgrad_nm,4,8,30,30,0.1369290317655786,0.8216742191117505,0.07180614953897599,0.07180614953897599,1.0,1.0,1.4484568546309641e-30,1.3305423693575016e-17,1.0
hva,pcgrad_nm,6,4,30,30,0.09830539407560761,0.8068204776637701,0.075123139836067,0.075123139836067,1.0,1.0,1.4820143142041102e-30,6.895008390512287e-17,1.0
hva,pcgrad_nm,6,6,30,30,0.13361530813471756,0.7505160086269451,0.08099929410909855,0.08099929410909855,1.0,1.0,8.40519941902653e-31,4.435766242184753e-17,1.0
hva,pcgrad_nm,6,8,30,30,0.11130597842887704,0.6838110583326484,0.19459964629495743,0.19459964629495743,1.0,1.0,2.0188890220270045e-30,3.513997262103242e-18,1.0
hva,pcgrad_nm,8,4,30,30,0.08866706145248573,0.8212381666662711,0.0529143108382964,0.0529143108382964,1.0,1.0,2.18515162310319e-30,7.616224171502244e-17,1.0
hva,pcgrad_nm,8,6,30,30,0.09753989426804079,0.7283285666862749,0.14008983636538405,0.14008983636538405,1.0,1.0,2.1006160619853774e-30,6.601663382993175e-18,1.0
hva,pcgrad_nm,8,8,30,30,0.12010196424147054,0.6552126138673795,0.19001387465185463,0.19001387465185463,1.0,1.0,2.172204875583242e-30,-4.2758707799671176e-17,1.0
hva,pcgrad_nm,10,4,30,30,0.10004680927904269,0.8130070090605627,0.11957253080991129,0.11957253080991129,1.0,1.0,2.1214269685826853e-30,-5.909254753939362e-17,1.0
hva,pcgrad_nm,10,6,30,30,0.12392753651661773,0.6568225920406081,0.21682912957836656,0.21682912957836656,1.0,1.0000000000000002,1.5281279174982949e-30,-1.2708988226455394e-16,1.0
hva,pcgrad_nm,10,8,30,30,0.11924632151737115,0.6565112431446289,0.22337974085189483,0.22337974085189483,1.0,1.0,3.408243169515708e-30,-2.1592278781978455e-17,1.0
hva,vanilla,4,4,30,30,0.4489353510377301,0.11522163236245611,0.43405315473141515,0.43405315473141515,1.0,1.0,0.0,0.0,1.0
hva,vanilla,4,6,30,30,0.39366952278223377,0.1482419089365771,0.4571535931435629,0.4571535931435629,1.0,1.0,0.0,0.0,1.0
hva,vanilla,4,8,30,30,0.5131202151855613,0.10138689133257364,0.394528543122609,0.394528543122609,1.0,1.0,0.0,0.0,1.0
hva,vanilla,6,4,30,30,0.43406757168033805,0.12001620657669534,0.44441512087919055,0.44441512087919055,1.0,1.0,0.0,0.0,1.0
hva,vanilla,6,6,30,30,0.4493205323353476,0.11530217856695438,0.4356355081096148,0.4356355081096148,1.0,1.0,0.0,0.0,1.0
hva,vanilla,6,8,30,30,0.4222281405957029,0.12858565663805266,0.4459530403977957,0.4459530403977957,1.0,1.0,0.0,0.0,1.0
hva,vanilla,8,4,30,30,0.46536576091789494,0.10908341349565777,0.42862103458671846,0.42862103458671846,1.0,1.0,0.0,0.0,1.0
hva,vanilla,8,6,30,30,0.4462902835100239,0.1134678238234084,0.4382947173705417,0.4382947173705417,1.0,1.0,0.0,0.0,1.0
hva,vanilla,8,8,30,30,0.3992984751701756,0.13989070798909042,0.45382419044538924,0.45382419044538924,1.0,1.0,0.0,0.0,1.0
hva,vanilla,10,4,30,30,0.4948306062130903,0.09789371662372029,0.4067764531854081,0.4067764531854081,1.0,1.0,0.0,0.0,1.0
hva,vanilla,10,6,30,30,0.4098995584340956,0.1334537998326228,0.45614832349600654,0.45614832349600654,1.0,1.0,0.0,0.0,1.0
hva,vanilla,10,8,30,30,0.42547391315503313,0.12374399463937352,0.4466758307439118,0.4466758307439118,1.0,1.0,0.0,0.0,1.0
hva,vanilla_ls_nm,4,4,30,30,0.42262585471149283,0.1311906445022356,0.45039731439950786,0.45039731439950786,1.0,1.0082851933312589,0.0034876287969267533,-0.012168580928708476,1.0
hva,vanilla_ls_nm,4,6,30,30,0.4031162749177467,0.1415956217423105,0.4559247064923877,0.4559247064923877,1.0,0.9932012026619373,0.0026595679800202375,0.004332889284067006,1.0
hva,vanilla_ls_nm,4,8,30,30,0.5330450469724419,0.08586206355362608,0.37711742270558246,0.37711742270558246,1.0,0.9910056130654272,0.0014420592102881266,0.007670268307045948,1.0
hva,vanilla_ls_nm,6,4,30,30,0.4235501472706635,0.127380144763337,0.445865709529468,0.445865709529468,1.0,1.024736985574805,0.003403583543437884,-0.027875563707582096,1.0
hva,vanilla_ls_nm,6,6,30,30,0.4514722368611741,0.12134105087948063,0.43225945263690263,0.43225945263690263,1.0,0.9756851387253227,0.0019919492932003154,0.02245936839844121,1.0
hva,vanilla_ls_nm,6,8,30,30,0.42678949136635075,0.1315243010730864,0.44494957457158957,0.44494957457158957,1.0,0.9601012754967296,0.0018959223154983965,0.03850669252128752,1.0
hva,vanilla_ls_nm,8,4,30,30,0.418661845123101,0.12682650088970363,0.4486643794078231,0.4486643794078231,1.0,1.0019802557658588,0.002419323969417528,-0.004326997789666451,1.0
hva,vanilla_ls_nm,8,6,30,30,0.4433684218000967,0.11648221192034351,0.43856633259126926,0.43856633259126926,1.0,0.984919349231527,0.0019470472060567805,0.012834603114452205,1.0
hva,vanilla_ls_nm,8,8,30,30,0.40816586215315814,0.1381904546900214,0.4484222509051829,0.4484222509051829,1.0,0.9666538948199185,0.0017169678707485724,0.03187341401448401,1.0
hva,vanilla_ls_nm,10,4,30,30,0.48864453961406784,0.10543588986997121,0.4136600520731798,0.4136600520731798,1.0,1.000404396791021,0.0026778542354435214,-0.003958740828231452,1.0
hva,vanilla_ls_nm,10,6,30,30,0.4254202204815314,0.12695841739888222,0.449263348960085,0.449263348960085,1.0,0.9700068156327146,0.0018614514701484942,0.028629731631616286,1.0
hva,vanilla_ls_nm,10,8,30,30,0.4469317418749743,0.11722860467824356,0.439409087192808,0.439409087192808,1.0,0.9568577265233524,0.0016675489191107966,0.04190752985920838,1.0
