ansatz,variant,role,n_qubits,depth,outcome,target,spec,spec_kind,time_controlled,seeds_expected,seeds_estimable,cell_estimable,rho_bar,ci_lo,ci_hi,bootstrap_seed,excluded_fraction,top_status
hea,lso_grid,secondary,4,4,r,C,C_given_G_nu_cos,main,False,30,27,True,0.2320408205401159,0.09008196269809128,0.35794332677828355,1280908515,0.0,ok
hea,lso_grid,secondary,4,4,r,C,C_given_G_nu_cos,main,True,30,8,False,0.5592440555957275,0.367871013851693,0.7076207812521742,1998329903,0.0,collinear
hea,lso_grid,secondary,4,4,kappa,C,C_given_G_nu_cos,main,False,30,27,True,-0.3115613645019847,-0.44430904498468726,-0.1682292534713837,1626576280,0.0,ok
hea,lso_grid,secondary,4,4,kappa,C,C_given_G_nu_cos,main,True,30,8,False,-0.5923628959498538,-0.7503622061761969,-0.37952770463918595,3783399717,0.0,collinear
hea,lso_grid,secondary,4,6,r,C,C_given_G_nu_cos,main,False,30,27,True,0.23878631085031343,0.10697990800118119,0.3675496759714689,1467730114,0.0,ok
hea,lso_grid,secondary,4,6,r,C,C_given_G_nu_cos,main,True,30,13,False,0.363955349238924,0.15585754132018942,0.5386171266710644,1731665321,0.0,collinear
hea,lso_grid,secondary,4,6,kappa,C,C_given_G_nu_cos,main,False,30,27,True,-0.27420049306899735,-0.3765933534665631,-0.15601437955519754,4135588257,0.0,ok
hea,lso_grid,secondary,4,6,kappa,C,C_given_G_nu_cos,main,True,30,13,False,-0.394682857972882,-0.5084462247524957,-0.2525878148631345,1571261077,0.0,collinear
hea,lso_grid,secondary,4,8,r,C,C_given_G_nu_cos,main,False,30,29,True,0.2487864416347903,0.1464642367747718,0.3488605587207406,885159924,0.0,ok
hea,lso_grid,secondary,4,8,r,C,C_given_G_nu_cos,main,True,30,17,False,0.3448156061343274,0.2094759918410895,0.47735005174406053,3257417497,0.0,ok
hea,lso_grid,secondary,4,8,kappa,C,C_given_G_nu_cos,main,False,30,29,True,-0.2484553912905954,-0.35969878691340146,-0.12847887847287753,2883737603,0.0,ok
hea,lso_grid,secondary,4,8,kappa,C,C_given_G_nu_cos,main,True,30,17,False,-0.3240053348847391,-0.4702615446025031,-0.1634518271282141,4151191630,0.0,ok
hea,lso_grid,secondary,6,4,r,C,C_given_G_nu_cos,main,False,30,29,True,0.05714066483134591,-0.08429720027297853,0.2001460532974519,297041362,0.0,ok
hea,lso_grid,secondary,6,4,r,C,C_given_G_nu_cos,main,True,30,8,False,0.08174838480317102,-0.23823805005838158,0.4150241299909718,792887552,0.0,collinear
hea,lso_grid,secondary,6,4,kappa,C,C_given_G_nu_cos,main,False,30,29,True,0.02584851063367787,-0.11578300093603794,0.16645555872311807,4279857988,0.0,ok
hea,lso_grid,secondary,6,4,kappa,C,C_given_G_nu_cos,main,True,30,8,False,-0.05707412280378082,-0.3080876482929931,0.20183053812357954,47465131,0.0,collinear
hea,lso_grid,secondary,6,6,r,C,C_given_G_nu_cos,main,False,30,30,True,0.10157832668875344,-0.010692541031184275,0.20972597239748406,4072000239,0.0,ok
hea,lso_grid,secondary,6,6,r,C,C_given_G_nu_cos,main,True,30,6,False,0.10946635924179056,-0.15348645128004426,0.3450511095198214,3870763415,0.0,collinear
hea,lso_grid,secondary,6,6,kappa,C,C_given_G_nu_cos,main,False,30,30,True,-0.10745014871797066,-0.22896825989886266,0.026994179822900526,1212384205,0.0,ok
hea,lso_grid,secondary,6,6,kappa,C,C_given_G_nu_cos,main,True,30,6,False,-0.1239381854263449,-0.2522500239149161,0.007510667888203379,2181187333,0.0,collinear
hea,lso_grid,secondary,6,8,r,C,C_given_G_nu_cos,main,False,30,27,True,0.2661391777873804,0.16790384311578757,0.3529465894808854,1397905243,0.0,ok
hea,lso_grid,secondary,6,8,r,C,C_given_G_nu_cos,main,True,30,2,False,0.21849459545635563,-0.07605775059488032,0.47797341025961637,3929629900,0.0,collinear
hea,lso_grid,secondary,6,8,kappa,C,C_given_G_nu_cos,main,False,30,27,True,-0.2618604745762421,-0.3624928690226673,-0.14619546535436465,2339060359,0.0,ok
hea,lso_grid,secondary,6,8,kappa,C,C_given_G_nu_cos,main,True,30,2,False,0.027933027708285197,-0.37381975587891425,0.42085993840812097,4109655004,0.0,collinear
hea,lso_grid,secondary,8,4,r,C,C_given_G_nu_cos,main,False,30,25,True,0.060326501531967065,-0.09051758538566528,0.20788678991273357,3046379230,0.0,ok
hea,lso_grid,secondary,8,4,r,C,C_given_G_nu_cos,main,True,30,12,False,0.1067427776247241,-0.09500644867709371,0.29846697730360006,539481118,0.0,collinear
hea,lso_grid,secondary,8,4,kappa,C,C_given_G_nu_cos,main,False,30,25,True,-0.0754811733447673,-0.23796786698991484,0.0923014324756719,4035850088,0.0,ok
hea,lso_grid,secondary,8,4,kappa,C,C_given_G_nu_cos,main,True,30,12,False,0.032314512569802896,-0.20833319002483233,0.26634194775545095,747278559,0.0,collinear
hea,lso_grid,secondary,8,6,r,C,C_given_G_nu_cos,main,False,30,24,True,-0.27281992083343987,-0.4099990645078434,-0.1187457309744939,2369145464,0.0,ok
hea,lso_grid,secondary,8,6,r,C,C_given_G_nu_cos,main,True,30,15,False,-0.1383997525076078,-0.3612358514604211,0.10802610615884138,3077718280,0.0,collinear
hea,lso_grid,secondary,8,6,kappa,C,C_given_G_nu_cos,main,False,30,24,True,0.19332646770230846,0.029216653590230936,0.3427603642103457,1212257365,0.0,ok
hea,lso_grid,secondary,8,6,kappa,C,C_given_G_nu_cos,main,True,30,15,False,0.17067367840943942,-0.05867617394982968,0.38192585591781286,351417419,0.0,collinear
hea,lso_grid,secondary,8,8,r,C,C_given_G_nu_cos,main,False,30,27,True,-0.03330775834635798,-0.2111861443753685,0.156731774475937,3188744135,0.0,ok
hea,lso_grid,secondary,8,8,r,C,C_given_G_nu_cos,main,True,30,8,False,-0.23307622366710093,-0.4153143202436416,-0.03301813305026835,3515156938,0.0,collinear
hea,lso_grid,secondary,8,8,kappa,C,C_given_G_nu_cos,main,False,30,27,True,0.014456441927849041,-0.1712877990895539,0.1978889076951223,3157384952,0.0,ok
hea,lso_grid,secondary,8,8,kappa,C,C_given_G_nu_cos,main,True,30,8,False,0.26267827610252265,0.11560292290580726,0.39404971279022494,467834942,0.0,collinear
hea,lso_grid,secondary,10,4,r,C,C_given_G_nu_cos,main,False,30,29,True,0.1014075996846379,-0.018613253507382986,0.2245646240051771,2957601604,0.0,ok
hea,lso_grid,secondary,10,4,r,C,C_given_G_nu_cos,main,True,30,8,False,-0.006709458313416193,-0.24870154234085667,0.23082038668241897,406608260,0.0,collinear
hea,lso_grid,secondary,10,4,kappa,C,C_given_G_nu_cos,main,False,30,29,True,-0.11325670436823777,-0.23032697203064995,0.004585769810794166,221914996,0.0,ok
hea,lso_grid,secondary,10,4,kappa,C,C_given_G_nu_cos,main,True,30,8,False,0.1282806957719834,-0.12965185248488661,0.3593925879048997,1958918894,0.0,collinear
hea,lso_grid,secondary,10,6,r,C,C_given_G_nu_cos,main,False,30,29,True,0.12165495697944406,-0.0016111305739225166,0.24123000246707774,2757678556,0.0,ok
hea,lso_grid,secondary,10,6,r,C,C_given_G_nu_cos,main,True,30,13,False,0.16498401868610263,-0.02831010018904952,0.34207454172223395,4256925068,0.0,collinear
hea,lso_grid,secondary,10,6,kappa,C,C_given_G_nu_cos,main,False,30,29,True,-0.2552616316432951,-0.3779038692790769,-0.12219188788488404,1699877669,0.0,ok
hea,lso_grid,secondary,10,6,kappa,C,C_given_G_nu_cos,main,True,30,13,False,-0.19541860844857203,-0.3742953046933247,-0.007616415669873351,3494109251,0.0,collinear
hea,lso_grid,secondary,10,8,r,C,C_given_G_nu_cos,main,False,30,18,False,-0.36027694082516937,-0.545453683278652,-0.13237595881243508,3719346201,0.0,ok
hea,lso_grid,secondary,10,8,r,C,C_given_G_nu_cos,main,True,30,4,False,-0.23432447636146847,-0.671195165043354,0.1616530406734769,2984621866,0.0,collinear
hea,lso_grid,secondary,10,8,kappa,C,C_given_G_nu_cos,main,False,30,18,False,0.32659817868127256,0.08100459114540844,0.530130141250715,3767769361,0.0,ok
hea,lso_grid,secondary,10,8,kappa,C,C_given_G_nu_cos,main,True,30,4,False,0.19934387091191877,-0.2512516239145453,0.6812420684011001,1628135361,0.0,collinear
hea,vanilla,primary,4,4,r,C,C_given_G,main,False,30,29,True,-0.005398015305624458,-0.14786894837778392,0.14723916307603419,3842612971,0.0,ok
hea,vanilla,primary,4,4,r,C,C_given_G,main,True,30,12,False,0.3136370642692558,0.039828878543704635,0.5702170243047603,4142064330,0.0,collinear
hea,vanilla,primary,4,4,kappa,C,C_given_G,main,False,30,29,True,-0.0474803902299354,-0.2567051579367231,0.1713735211036967,2048432383,0.0,ok
hea,vanilla,primary,4,4,kappa,C,C_given_G,main,True,30,12,False,-0.3871499869524901,-0.5938447334136412,-0.12027990811135761,1622659061,0.0,collinear
hea,vanilla,primary,4,6,r,C,C_given_G,main,False,30,27,True,0.005233542548225933,-0.11010539608176188,0.11347758829882175,2280538088,0.0,ok
hea,vanilla,primary,4,6,r,C,C_given_G,main,True,30,18,False,0.0008186447595562166,-0.1629905969403719,0.1689530679400729,1067051649,0.0,ok
hea,vanilla,primary,4,6,kappa,C,C_given_G,main,False,30,27,True,-0.15793172072737127,-0.33656567177833735,0.02725723591837866,1698510810,0.0,ok
hea,vanilla,primary,4,6,kappa,C,C_given_G,main,True,30,18,False,-0.14875780660324844,-0.4029104948204668,0.11497941863291775,1626627530,0.0,ok
hea,vanilla,primary,4,8,r,C,C_given_G,main,False,30,27,True,-0.016193736231436415,-0.07573753217492403,0.04614434311806369,1624018502,0.0,ok
hea,vanilla,primary,4,8,r,C,C_given_G,main,True,30,17,False,0.0002687034793276228,-0.06706415091759747,0.09096588693880213,1814437957,0.0,ok
hea,vanilla,primary,4,8,kappa,C,C_given_G,main,False,30,27,True,0.16278695396651133,-0.011106515226504549,0.3330900586287793,4070689752,0.0,ok
hea,vanilla,primary,4,8,kappa,C,C_given_G,main,True,30,17,False,0.19566382309076738,-0.04392188413844297,0.4280017083591614,1659286910,0.0,ok
hea,vanilla,primary,6,4,r,C,C_given_G,main,False,30,30,True,0.05898624531197013,-0.11996739319564463,0.2378463619451015,818914128,0.0,ok
hea,vanilla,primary,6,4,r,C,C_given_G,main,True,30,13,False,0.20728362545814777,-0.08385231072769614,0.4733443245552674,3461247170,0.0,collinear
hea,vanilla,primary,6,4,kappa,C,C_given_G,main,False,30,30,True,-0.06076476964679402,-0.24926374013051644,0.13509853326124743,2317359706,0.0,ok
hea,vanilla,primary,6,4,kappa,C,C_given_G,main,True,30,13,False,-0.1489430554309226,-0.43537284426319706,0.15001735034668326,1450507857,0.0,collinear
hea,vanilla,primary,6,6,r,C,C_given_G,main,False,30,28,True,-0.09263046157585045,-0.2269351137590416,0.05547191173796432,4064364351,0.0,ok
hea,vanilla,primary,6,6,r,C,C_given_G,main,True,30,12,False,-0.08222056619076762,-0.26955090976049434,0.1490800316396292,2682479753,0.0,collinear
hea,vanilla,primary,6,6,kappa,C,C_given_G,main,False,30,28,True,0.18864527272852663,0.02840986874014181,0.33919312175311966,2170366752,0.0,ok
hea,vanilla,primary,6,6,kappa,C,C_given_G,main,True,30,12,False,0.19704265214914998,-0.06595795021801049,0.4217234025775346,2387563717,0.0,collinear
hea,vanilla,primary,6,8,r,C,C_given_G,main,False,30,27,True,0.05846558401297171,-0.07116025969471604,0.19315123921316737,2822020612,0.0,ok
hea,vanilla,primary,6,8,r,C,C_given_G,main,True,30,10,False,-0.03528051045390507,-0.17386487728079122,0.10370616833539148,219488854,0.0,collinear
hea,vanilla,primary,6,8,kappa,C,C_given_G,main,False,30,27,True,-0.0316457366367451,-0.19379630134627251,0.12748117637565717,1656332715,0.0,ok
hea,vanilla,primary,6,8,kappa,C,C_given_G,main,True,30,10,False,0.10629329966155554,-0.09888496253806628,0.3065452548482153,766323756,0.0,collinear
hea,vanilla,primary,8,4,r,C,C_given_G,main,False,30,30,True,-0.03370611260554159,-0.18060970656956474,0.113997246519547,683722577,0.0,ok
hea,vanilla,primary,8,4,r,C,C_given_G,main,True,30,22,True,-0.09485321130141147,-0.271702899803889,0.07596491057612463,1965012754,0.0,ok
hea,vanilla,primary,8,4,kappa,C,C_given_G,main,False,30,30,True,0.00144438479901795,-0.1708422261390004,0.17910978042981088,1387581671,0.0,ok
hea,vanilla,primary,8,4,kappa,C,C_given_G,main,True,30,22,True,0.09888853443893279,-0.09382133919846783,0.29354633312989054,3360510232,0.0,ok
hea,vanilla,primary,8,6,r,C,C_given_G,main,False,30,27,True,-0.30642868786289224,-0.4464124317346855,-0.14087707988506432,1637675915,0.0,ok
hea,vanilla,primary,8,6,r,C,C_given_G,main,True,30,22,True,-0.09614824104112485,-0.2893476849236873,0.11426879113648633,1346519877,0.0,ok
hea,vanilla,primary,8,6,kappa,C,C_given_G,main,False,30,27,True,0.3236707700608706,0.1407301412994626,0.47287013353788665,651679342,0.0,ok
hea,vanilla,primary,8,6,kappa,C,C_given_G,main,True,30,22,True,0.15889445994177231,-0.07646636993230885,0.3634870756243083,864588804,0.0,ok
hea,vanilla,primary,8,8,r,C,C_given_G,main,False,30,24,True,-0.041033187520936744,-0.1609573014822665,0.09908416934912265,602535826,0.0,ok
hea,vanilla,primary,8,8,r,C,C_given_G,main,True,30,13,False,-0.07577132574111149,-0.2664081097232819,0.10862993092222112,4079806255,0.0,collinear
hea,vanilla,primary,8,8,kappa,C,C_given_G,main,False,30,24,True,0.12269368014329063,-0.02567989633655726,0.2540246380391841,699890265,0.0,ok
hea,vanilla,primary,8,8,kappa,C,C_given_G,main,True,30,13,False,0.20681687065386373,-0.049197729981841416,0.44102990149163,2339130577,0.0,collinear
hea,vanilla,primary,10,4,r,C,C_given_G,main,False,30,30,True,0.2201666751970105,0.023082735427207693,0.40431205563653677,1052873330,0.0,ok
hea,vanilla,primary,10,4,r,C,C_given_G,main,True,30,23,True,0.041111676077817835,-0.21757694228144756,0.2959073491317074,1570724407,0.0,ok
hea,vanilla,primary,10,4,kappa,C,C_given_G,main,False,30,30,True,-0.26344978737427044,-0.4597938867935279,-0.028575705599695522,2343687367,0.0,ok
hea,vanilla,primary,10,4,kappa,C,C_given_G,main,True,30,23,True,-0.10539965283930212,-0.39258030023944795,0.19449005250977353,2742649164,0.0,ok
hea,vanilla,primary,10,6,r,C,C_given_G,main,False,30,30,True,-0.20682902996087218,-0.43687973655807266,0.05365540613425278,3128695474,0.0,ok
hea,vanilla,primary,10,6,r,C,C_given_G,main,True,30,25,True,-0.3276627842079924,-0.5432343743849513,-0.08119987539700156,129161664,0.0,ok
hea,vanilla,primary,10,6,kappa,C,C_given_G,main,False,30,30,True,0.18859520905745192,-0.09318975844620497,0.4305863909773098,3000941752,0.0,ok
hea,vanilla,primary,10,6,kappa,C,C_given_G,main,True,30,25,True,0.3267262742881787,0.07879908542941726,0.5284764884042759,3291225342,0.0,ok
hea,vanilla,primary,10,8,r,C,C_given_G,main,False,30,26,True,-0.39198247642636963,-0.5688046673083779,-0.16181776579022195,4018926323,0.0,ok
hea,vanilla,primary,10,8,r,C,C_given_G,main,True,30,15,False,-0.2886153173464605,-0.5898298702713356,0.11478671992736413,2820711080,0.0,ok
hea,vanilla,primary,10,8,kappa,C,C_given_G,main,False,30,26,True,0.4932956812818937,0.25627529725301623,0.6678946667869238,1688261198,0.0,ok
hea,vanilla,primary,10,8,kappa,C,C_given_G,main,True,30,15,False,0.4854615044474081,0.04543333449899283,0.7653945513325939,1147904154,0.0,ok
hea,vanilla_ls_nm,near-primary,4,4,r,C,C_given_G_nu,main,False,30,29,True,-0.017732584443058787,-0.15767972806880937,0.13257418564639378,3332875583,0.0,ok
hea,vanilla_ls_nm,near-primary,4,4,r,C,C_given_G,overcontrol check,False,30,30,True,-0.033676691739121266,-0.16720242988970907,0.10585202975617476,1478707773,0.0,ok
hea,vanilla_ls_nm,near-primary,4,4,r,C,C_given_G_nu,main,True,30,12,False,0.015195131095969878,-0.15435922547768907,0.2341298983172777,1513413829,0.0,collinear
hea,vanilla_ls_nm,near-primary,4,4,r,C,C_given_G,overcontrol check,True,30,12,False,-0.038647650171032284,-0.21522689441183485,0.18640220593310325,3944543185,0.0,collinear
hea,vanilla_ls_nm,near-primary,4,4,kappa,C,C_given_G_nu,main,False,30,29,True,-0.02446669565443058,-0.24401285181867483,0.20222447872166588,3967070869,0.0,ok
hea,vanilla_ls_nm,near-primary,4,4,kappa,C,C_given_G,overcontrol check,False,30,30,True,-0.026307387044329163,-0.2404531156816131,0.18839594828827477,648910837,0.0,ok
hea,vanilla_ls_nm,near-primary,4,4,kappa,C,C_given_G_nu,main,True,30,12,False,-0.22378195974871112,-0.4472412633199717,0.05102282953825321,2619273035,0.0,collinear
hea,vanilla_ls_nm,near-primary,4,4,kappa,C,C_given_G,overcontrol check,True,30,12,False,-0.16307592145098068,-0.405393200418828,0.09123167427524057,203863312,0.0,collinear
hea,vanilla_ls_nm,near-primary,4,6,r,C,C_given_G_nu,main,False,30,27,True,-0.04393729898261481,-0.17315035983213278,0.07479863786228363,2959209645,0.0,ok
hea,vanilla_ls_nm,near-primary,4,6,r,C,C_given_G,overcontrol check,False,30,27,True,-0.033043410237282946,-0.16605684511951593,0.10087506582749517,3788405694,0.0,ok
hea,vanilla_ls_nm,near-primary,4,6,r,C,C_given_G_nu,main,True,30,16,False,-0.0965752222612181,-0.2606980449036091,0.02500135631594388,3838177560,0.0,ok
hea,vanilla_ls_nm,near-primary,4,6,r,C,C_given_G,overcontrol check,True,30,17,False,-0.15129559628296232,-0.32212598727506,-0.011308306714058804,3413386646,0.0,ok
hea,vanilla_ls_nm,near-primary,4,6,kappa,C,C_given_G_nu,main,False,30,27,True,0.031743565580636464,-0.14654959737343198,0.21846314036839395,1984803459,0.0,ok
hea,vanilla_ls_nm,near-primary,4,6,kappa,C,C_given_G,overcontrol check,False,30,27,True,-0.04560269353773273,-0.2224629973751588,0.13527509694337292,2480810511,0.0,ok
hea,vanilla_ls_nm,near-primary,4,6,kappa,C,C_given_G_nu,main,True,30,16,False,0.1303012662758248,-0.08733016275580756,0.34782982234536103,347219953,0.0,ok
hea,vanilla_ls_nm,near-primary,4,6,kappa,C,C_given_G,overcontrol check,True,30,17,False,0.1476621822092985,-0.07598458083043809,0.3729326932234376,2577819974,0.0,ok
hea,vanilla_ls_nm,near-primary,4,8,r,C,C_given_G_nu,main,False,30,23,True,0.05925172534585068,-0.005721104054017149,0.1252725666569282,3330096429,0.0,ok
hea,vanilla_ls_nm,near-primary,4,8,r,C,C_given_G,overcontrol check,False,30,24,True,0.006903620569434185,-0.05411411275727804,0.08588404689137248,1303714268,0.0,ok
hea,vanilla_ls_nm,near-primary,4,8,r,C,C_given_G_nu,main,True,30,13,False,0.05222843411456681,-0.050461554431203724,0.15823394879684163,2855065083,0.0,collinear
hea,vanilla_ls_nm,near-primary,4,8,r,C,C_given_G,overcontrol check,True,30,14,False,-0.006957898580662714,-0.09719599803262818,0.12060310232266717,3491364567,0.0,collinear
hea,vanilla_ls_nm,near-primary,4,8,kappa,C,C_given_G_nu,main,False,30,23,True,0.06268106680252605,-0.07097107909311885,0.20346605439723078,3248909310,0.0,ok
hea,vanilla_ls_nm,near-primary,4,8,kappa,C,C_given_G,overcontrol check,False,30,24,True,0.1698941391854744,0.022652377009244454,0.30795062694027675,2407992440,0.0,ok
hea,vanilla_ls_nm,near-primary,4,8,kappa,C,C_given_G_nu,main,True,30,13,False,0.1075034755635353,-0.08437336040612954,0.30659370824781496,3720088392,0.0,collinear
hea,vanilla_ls_nm,near-primary,4,8,kappa,C,C_given_G,overcontrol check,True,30,14,False,0.2266464144262676,0.005339210785046702,0.4091683215906072,2912926466,0.0,collinear
hea,vanilla_ls_nm,near-primary,6,4,r,C,C_given_G_nu,main,False,30,27,True,0.02035209341530522,-0.12096366955317518,0.15735611001396613,500393605,0.0,ok
hea,vanilla_ls_nm,near-primary,6,4,r,C,C_given_G,overcontrol check,False,30,30,True,0.013093759261700987,-0.10903193415289163,0.14182147171328086,3945241574,0.0,ok
hea,vanilla_ls_nm,near-primary,6,4,r,C,C_given_G_nu,main,True,30,8,False,0.08959369291089131,-0.20199186963984517,0.36561692922140315,2671835293,0.0,collinear
hea,vanilla_ls_nm,near-primary,6,4,r,C,C_given_G,overcontrol check,True,30,10,False,0.2227605905166035,-0.0708865604190308,0.4697416889664999,1952390633,0.0,collinear
hea,vanilla_ls_nm,near-primary,6,4,kappa,C,C_given_G_nu,main,False,30,27,True,0.06919427738005503,-0.12535925358303138,0.2600142554128089,2633324501,0.0,ok
hea,vanilla_ls_nm,near-primary,6,4,kappa,C,C_given_G,overcontrol check,False,30,30,True,-0.0287854650065871,-0.2114490550693548,0.16398249353576222,566094541,0.0,ok
hea,vanilla_ls_nm,near-primary,6,4,kappa,C,C_given_G_nu,main,True,30,8,False,0.0077821551268635065,-0.33146763631361814,0.3701105654234532,498568594,0.0,collinear
hea,vanilla_ls_nm,near-primary,6,4,kappa,C,C_given_G,overcontrol check,True,30,10,False,-0.18798955406595727,-0.5060760918589107,0.22180370077333394,2384356841,0.0,collinear
hea,vanilla_ls_nm,near-primary,6,6,r,C,C_given_G_nu,main,False,30,29,True,-0.005968612928519924,-0.15411196364288215,0.14524429695205537,643628939,0.0,ok
hea,vanilla_ls_nm,near-primary,6,6,r,C,C_given_G,overcontrol check,False,30,29,True,-0.014783094697022141,-0.16592196121813618,0.14187178256937347,4007159948,0.0,ok
hea,vanilla_ls_nm,near-primary,6,6,r,C,C_given_G_nu,main,True,30,10,False,-0.19319198744279437,-0.3907415097700659,-0.00900376126791057,146887465,0.0,collinear
hea,vanilla_ls_nm,near-primary,6,6,r,C,C_given_G,overcontrol check,True,30,11,False,-0.13125282137233,-0.340021340144797,0.0944527381986956,66571046,0.0,collinear
hea,vanilla_ls_nm,near-primary,6,6,kappa,C,C_given_G_nu,main,False,30,29,True,0.04920237988561954,-0.12991531247396212,0.22295916438648028,3426869406,0.0,ok
hea,vanilla_ls_nm,near-primary,6,6,kappa,C,C_given_G,overcontrol check,False,30,29,True,0.044359549790140285,-0.12116574924851496,0.2084287497635671,3346752321,0.0,ok
hea,vanilla_ls_nm,near-primary,6,6,kappa,C,C_given_G_nu,main,True,30,10,False,0.24596664123732395,0.055855483365688186,0.4424399612999515,1478236553,0.0,collinear
hea,vanilla_ls_nm,near-primary,6,6,kappa,C,C_given_G,overcontrol check,True,30,11,False,0.16285694943528478,-0.0436649202499218,0.3646824978589058,1596499136,0.0,collinear
hea,vanilla_ls_nm,near-primary,6,8,r,C,C_given_G_nu,main,False,30,26,True,0.04525163548808511,-0.07490414633469707,0.1698502473696379,2719753774,0.0,ok
hea,vanilla_ls_nm,near-primary,6,8,r,C,C_given_G,overcontrol check,False,30,27,True,0.01646181428620284,-0.09667376878989949,0.1326290418034386,3132104234,0.0,ok
hea,vanilla_ls_nm,near-primary,6,8,r,C,C_given_G_nu,main,True,30,10,False,0.013351741782839602,-0.19402399717803942,0.24042766968760076,1870019271,0.0,collinear
hea,vanilla_ls_nm,near-primary,6,8,r,C,C_given_G,overcontrol check,True,30,10,False,-0.04116151704647903,-0.2295088424817182,0.18140121969755943,2155734780,0.0,collinear
hea,vanilla_ls_nm,near-primary,6,8,kappa,C,C_given_G_nu,main,False,30,26,True,-0.01563647575535764,-0.18138717786384503,0.15831024490258486,2297966188,0.0,ok
hea,vanilla_ls_nm,near-primary,6,8,kappa,C,C_given_G,overcontrol check,False,30,27,True,-0.024569188595903062,-0.1670647270896656,0.1270824296457493,1793732822,0.0,ok
hea,vanilla_ls_nm,near-primary,6,8,kappa,C,C_given_G_nu,main,True,30,10,False,0.09023604466876092,-0.2132506413307726,0.379742627815588,2423254270,0.0,collinear
hea,vanilla_ls_nm,near-primary,6,8,kappa,C,C_given_G,overcontrol check,True,30,10,False,0.09060555923015383,-0.16088155873023,0.32598347000559275,1738017891,0.0,collinear
hea,vanilla_ls_nm,near-primary,8,4,r,C,C_given_G_nu,main,False,30,28,True,0.03416034776344817,-0.08159451080257081,0.14862802870531555,434371618,0.0,ok
hea,vanilla_ls_nm,near-primary,8,4,r,C,C_given_G,overcontrol check,False,30,30,True,-0.007986460974661559,-0.11631367158701122,0.10678066101976039,3126756846,0.0,ok
hea,vanilla_ls_nm,near-primary,8,4,r,C,C_given_G_nu,main,True,30,15,False,-0.07122432527825785,-0.22229218499863743,0.08563147032499689,580659973,0.0,collinear
hea,vanilla_ls_nm,near-primary,8,4,r,C,C_given_G,overcontrol check,True,30,16,False,-0.06434976157978711,-0.25263101451532877,0.11821172759305536,3075411381,0.0,ok
hea,vanilla_ls_nm,near-primary,8,4,kappa,C,C_given_G_nu,main,False,30,28,True,-0.11237467711553664,-0.24917755652606638,0.032471837971019706,569345077,0.0,ok
hea,vanilla_ls_nm,near-primary,8,4,kappa,C,C_given_G,overcontrol check,False,30,30,True,-0.08848087518110047,-0.22869719737570474,0.04731859215757253,1127197235,0.0,ok
hea,vanilla_ls_nm,near-primary,8,4,kappa,C,C_given_G_nu,main,True,30,15,False,0.0011713284522074908,-0.2611379195699752,0.2418927398282482,606993975,0.0,collinear
hea,vanilla_ls_nm,near-primary,8,4,kappa,C,C_given_G,overcontrol check,True,30,16,False,0.018740807130581832,-0.2416484851752749,0.26373161349665625,2118478932,0.0,ok
hea,vanilla_ls_nm,near-primary,8,6,r,C,C_given_G_nu,main,False,30,29,True,-0.17750723655160836,-0.3358337332388988,-0.00950732642336884,3029329653,0.0,ok
hea,vanilla_ls_nm,near-primary,8,6,r,C,C_given_G,overcontrol check,False,30,29,True,-0.1004182502381973,-0.28026067822304884,0.07539687617118694,1803427580,0.0,ok
hea,vanilla_ls_nm,near-primary,8,6,r,C,C_given_G_nu,main,True,30,19,False,-0.10705470941477051,-0.3212062455972295,0.1101094289690589,3058483654,0.0,ok
hea,vanilla_ls_nm,near-primary,8,6,r,C,C_given_G,overcontrol check,True,30,25,True,-0.0008529081958459476,-0.18811041509869506,0.17614651249281027,3510969134,0.0,ok
hea,vanilla_ls_nm,near-primary,8,6,kappa,C,C_given_G_nu,main,False,30,29,True,0.10339418220810603,-0.10062530578182688,0.2920612317844992,397255540,0.0,ok
hea,vanilla_ls_nm,near-primary,8,6,kappa,C,C_given_G,overcontrol check,False,30,29,True,0.01608708751116831,-0.18196668946420733,0.2214904400136486,1907650445,0.0,ok
hea,vanilla_ls_nm,near-primary,8,6,kappa,C,C_given_G_nu,main,True,30,19,False,0.1266368476035112,-0.10910590230629723,0.35978685602383176,685118798,0.0,ok
hea,vanilla_ls_nm,near-primary,8,6,kappa,C,C_given_G,overcontrol check,True,30,25,True,0.003045058556973764,-0.1936648153354112,0.20842586200250604,1355513917,0.0,ok
hea,vanilla_ls_nm,near-primary,8,8,r,C,C_given_G_nu,main,False,30,30,True,-0.14585866293658464,-0.2927209551219743,0.00818787285707139,3115173732,0.0,ok
hea,vanilla_ls_nm,near-primary,8,8,r,C,C_given_G,overcontrol check,False,30,30,True,-0.10833516986387566,-0.2292268239064237,0.021703619333523556,611671227,0.0,ok
hea,vanilla_ls_nm,near-primary,8,8,r,C,C_given_G_nu,main,True,30,11,False,-0.018265234586876917,-0.2604081822982618,0.2380735918855237,874015462,0.0,collinear
hea,vanilla_ls_nm,near-primary,8,8,r,C,C_given_G,overcontrol check,True,30,13,False,-0.05335590583835985,-0.27062503553724776,0.20037255998874146,1939432577,0.0,collinear
hea,vanilla_ls_nm,near-primary,8,8,kappa,C,C_given_G_nu,main,False,30,30,True,0.19428704241960312,0.032165349808829374,0.34263652801414635,2904841172,0.0,ok
hea,vanilla_ls_nm,near-primary,8,8,kappa,C,C_given_G,overcontrol check,False,30,30,True,0.1522571852384798,0.0007364471115520459,0.28836127945276757,2913477163,0.0,ok
hea,vanilla_ls_nm,near-primary,8,8,kappa,C,C_given_G_nu,main,True,30,11,False,0.09910762137693625,-0.1685460343944003,0.32394319077088235,769639354,0.0,collinear
hea,vanilla_ls_nm,near-primary,8,8,kappa,C,C_given_G,overcontrol check,True,30,13,False,0.15788162275355747,-0.10027498292048356,0.3744910392479459,2957270195,0.0,collinear
hea,vanilla_ls_nm,near-primary,10,4,r,C,C_given_G_nu,main,False,30,27,True,0.0876877977356063,-0.09274933619427884,0.2612275321991249,3280428536,0.0,ok
hea,vanilla_ls_nm,near-primary,10,4,r,C,C_given_G,overcontrol check,False,30,29,True,0.13384733721052444,-0.004071939011202388,0.25971625539885107,636573242,0.0,ok
hea,vanilla_ls_nm,near-primary,10,4,r,C,C_given_G_nu,main,True,30,9,False,0.18812292527295996,-0.17322896894218576,0.47218171772469913,1792725320,0.0,collinear
hea,vanilla_ls_nm,near-primary,10,4,r,C,C_given_G,overcontrol check,True,30,13,False,0.23891703321761992,0.0026496974886428227,0.44557931301995024,9582049,0.0,collinear
hea,vanilla_ls_nm,near-primary,10,4,kappa,C,C_given_G_nu,main,False,30,27,True,-0.2124667686272984,-0.36230461711725886,-0.04709876066840263,2072905863,0.0,ok
hea,vanilla_ls_nm,near-primary,10,4,kappa,C,C_given_G,overcontrol check,False,30,29,True,-0.23362735373072027,-0.3745607274728943,-0.07633581317089501,1425007837,0.0,ok
hea,vanilla_ls_nm,near-primary,10,4,kappa,C,C_given_G_nu,main,True,30,9,False,-0.35634223923756697,-0.5861484519913718,-0.03088146318223227,2349891730,0.0,collinear
hea,vanilla_ls_nm,near-primary,10,4,kappa,C,C_given_G,overcontrol check,True,30,13,False,-0.35740608911702915,-0.5813142094011527,-0.08271534680155586,137148839,0.0,collinear
hea,vanilla_ls_nm,near-primary,10,6,r,C,C_given_G_nu,main,False,30,30,True,-0.08533265588623326,-0.2318227377068078,0.06138631358629019,1765520235,0.0,ok
hea,vanilla_ls_nm,near-primary,10,6,r,C,C_given_G,overcontrol check,False,30,30,True,0.03254848480834713,-0.11261036859605415,0.1674919204155587,2780700899,0.0,ok
hea,vanilla_ls_nm,near-primary,10,6,r,C,C_given_G_nu,main,True,30,15,False,-0.2584858836101391,-0.4582742096243619,-0.03626066063918199,1543763509,0.0,collinear
hea,vanilla_ls_nm,near-primary,10,6,r,C,C_given_G,overcontrol check,True,30,26,True,-0.19451319985240764,-0.3547440585731522,-0.020973051357201764,1296834954,0.0,ok
hea,vanilla_ls_nm,near-primary,10,6,kappa,C,C_given_G_nu,main,False,30,30,True,0.02131033099679323,-0.15688117024960233,0.20202922027642456,38769398,0.0,ok
hea,vanilla_ls_nm,near-primary,10,6,kappa,C,C_given_G,overcontrol check,False,30,30,True,-0.08137158018848947,-0.24904676866698996,0.08712297703585935,249163786,0.0,ok
hea,vanilla_ls_nm,near-primary,10,6,kappa,C,C_given_G_nu,main,True,30,15,False,0.24197000687301873,-0.0903173930201021,0.5011221712109047,1312322523,0.0,collinear
hea,vanilla_ls_nm,near-primary,10,6,kappa,C,C_given_G,overcontrol check,True,30,26,True,0.1651162232896032,-0.0456942180436236,0.3473294320820063,461483168,0.0,ok
hea,vanilla_ls_nm,near-primary,10,8,r,C,C_given_G_nu,main,False,30,28,True,-0.3882001830109106,-0.5762772299376607,-0.16700998043564302,4107678760,0.0,ok
hea,vanilla_ls_nm,near-primary,10,8,r,C,C_given_G,overcontrol check,False,30,30,True,-0.4008059699696383,-0.5802270380980735,-0.18069378686743157,64797603,0.0,ok
hea,vanilla_ls_nm,near-primary,10,8,r,C,C_given_G_nu,main,True,30,10,False,-0.3832206765105868,-0.5498648349543068,-0.20079901936225816,1343420657,0.0,collinear
hea,vanilla_ls_nm,near-primary,10,8,r,C,C_given_G,overcontrol check,True,30,19,False,-0.33416214406756795,-0.49895748345699176,-0.1264297356377217,1216825260,0.0,ok
hea,vanilla_ls_nm,near-primary,10,8,kappa,C,C_given_G_nu,main,False,30,28,True,0.45146523608784267,0.23910820904033675,0.6322169030325436,3296919444,0.0,ok
hea,vanilla_ls_nm,near-primary,10,8,kappa,C,C_given_G,overcontrol check,False,30,30,True,0.4670788727267159,0.24454832317688688,0.6468238956776152,1126930367,0.0,ok
hea,vanilla_ls_nm,near-primary,10,8,kappa,C,C_given_G_nu,main,True,30,10,False,0.4808820031205743,0.3001107232408808,0.636158726847029,3866304113,0.0,collinear
hea,vanilla_ls_nm,near-primary,10,8,kappa,C,C_given_G,overcontrol check,True,30,19,False,0.43319274603621266,0.2121531361324724,0.5995840131793273,2394489715,0.0,ok
hva,lso_grid,secondary,4,4,r,C,C_given_G_nu_cos,main,False,30,29,True,0.05170667493612452,-0.054492886388353264,0.16317978993401797,611342530,0.0,ok
hva,lso_grid,secondary,4,4,r,C,C_given_G_nu_cos,main,True,30,6,False,0.15726669711368169,-0.0626824605006085,0.3697155855586079,3972404448,0.0,collinear
hva,lso_grid,secondary,4,4,kappa,C,C_given_G_nu_cos,main,False,30,29,True,-0.15461821791918962,-0.27854038235104506,-0.01750453124199647,1697907629,0.0,ok
hva,lso_grid,secondary,4,4,kappa,C,C_given_G_nu_cos,main,True,30,6,False,-0.4261159439099212,-0.5670182212360779,-0.2636787252528828,3285007823,0.0,collinear
hva,lso_grid,secondary,4,6,r,C,C_given_G_nu_cos,main,False,30,29,True,0.20994850927326209,0.08489732456859903,0.33322307971360504,2945773741,0.0,ok
hva,lso_grid,secondary,4,6,r,C,C_given_G_nu_cos,main,True,30,8,False,0.3269864242667694,0.1966576829229164,0.44831735791193555,1269887117,0.0,collinear
hva,lso_grid,secondary,4,6,kappa,C,C_given_G_nu_cos,main,False,30,29,True,-0.32644656658039395,-0.4154128508033705,-0.23149977166513827,2529793826,0.0,ok
hva,lso_grid,secondary,4,6,kappa,C,C_given_G_nu_cos,main,True,30,8,False,-0.3808654737648114,-0.4706445715059616,-0.29322459181326466,3685309580,0.0,collinear
hva,lso_grid,secondary,4,8,r,C,C_given_G_nu_cos,main,False,30,23,True,0.2197112566299499,0.08402301045943734,0.36311952616273085,2991337721,0.0,ok
hva,lso_grid,secondary,4,8,r,C,C_given_G_nu_cos,main,True,30,7,False,0.06926597290795841,-0.06392439215581057,0.19110876147374528,4261224179,0.0,collinear
hva,lso_grid,secondary,4,8,kappa,C,C_given_G_nu_cos,main,False,30,23,True,-0.3834475139115806,-0.4783955905530374,-0.2822113644765217,676499961,0.0,ok
hva,lso_grid,secondary,4,8,kappa,C,C_given_G_nu_cos,main,True,30,7,False,-0.2810975679766695,-0.4561960256190931,-0.11181089873563882,239480015,0.0,collinear
hva,lso_grid,secondary,6,4,r,C,C_given_G_nu_cos,main,False,30,30,True,0.16036676865824637,0.06065406750280249,0.25651748431176624,964586716,0.0,ok
hva,lso_grid,secondary,6,4,r,C,C_given_G_nu_cos,main,True,30,12,False,0.1106685529914549,-0.07485086166991468,0.27719887376663266,856854515,0.0,collinear
hva,lso_grid,secondary,6,4,kappa,C,C_given_G_nu_cos,main,False,30,30,True,-0.23330422291617334,-0.3283448844197428,-0.13490632740586053,88537048,0.0,ok
hva,lso_grid,secondary,6,4,kappa,C,C_given_G_nu_cos,main,True,30,12,False,-0.17526836668450577,-0.3484972324615756,0.03272008796830193,3804181755,0.0,collinear
hva,lso_grid,secondary,6,6,r,C,C_given_G_nu_cos,main,False,30,28,True,0.11847461235707728,0.007820641878218052,0.22549665076913664,147845247,0.0,ok
hva,lso_grid,secondary,6,6,r,C,C_given_G_nu_cos,main,True,30,9,False,0.24582807051225047,0.12685560490636127,0.3679883654764911,3791854825,0.0,collinear
hva,lso_grid,secondary,6,6,kappa,C,C_given_G_nu_cos,main,False,30,28,True,-0.16834514630578476,-0.28451162345646525,-0.05432351349505131,3552020724,0.0,ok
hva,lso_grid,secondary,6,6,kappa,C,C_given_G_nu_cos,main,True,30,9,False,-0.18087281836922273,-0.2958631208800335,-0.06401802387115989,3432456730,0.0,collinear
hva,lso_grid,secondary,6,8,r,C,C_given_G_nu_cos,main,False,30,28,True,0.1830035908282219,0.08188679423049997,0.28390968968651653,2877160009,0.0,ok
hva,lso_grid,secondary,6,8,r,C,C_given_G_nu_cos,main,True,30,9,False,0.0897347691518837,-0.07199484273545884,0.283251330147269,986522120,0.0,collinear
hva,lso_grid,secondary,6,8,kappa,C,C_given_G_nu_cos,main,False,30,28,True,-0.19806815766296185,-0.34084821416427313,-0.05371922667252296,2027303875,0.0,ok
hva,lso_grid,secondary,6,8,kappa,C,C_given_G_nu_cos,main,True,30,9,False,-0.06721804289382409,-0.3129599051701177,0.19557637948874793,282917969,0.0,collinear
hva,lso_grid,secondary,8,4,r,C,C_given_G_nu_cos,main,False,30,28,True,0.28544747391631514,0.18671339969773443,0.38691909254234674,3942460153,0.0,ok
hva,lso_grid,secondary,8,4,r,C,C_given_G_nu_cos,main,True,30,9,False,0.2723898666737948,0.14944771168097115,0.4006054449893781,2327719997,0.0,collinear
hva,lso_grid,secondary,8,4,kappa,C,C_given_G_nu_cos,main,False,30,28,True,-0.2559960791077657,-0.36591793972653186,-0.13921069043152878,1735609093,0.0,ok
hva,lso_grid,secondary,8,4,kappa,C,C_given_G_nu_cos,main,True,30,9,False,-0.13347057070074203,-0.3851543526918673,0.10013539217753943,3440252626,0.0,collinear
hva,lso_grid,secondary,8,6,r,C,C_given_G_nu_cos,main,False,30,29,True,0.10884715489658323,0.007227392630813079,0.20779098001333243,1459437612,0.0,ok
hva,lso_grid,secondary,8,6,r,C,C_given_G_nu_cos,main,True,30,14,False,0.09864713371446511,-0.08690096422064686,0.28587385692998557,1311380002,0.0,collinear
hva,lso_grid,secondary,8,6,kappa,C,C_given_G_nu_cos,main,False,30,29,True,-0.2104448327385932,-0.31905688441300184,-0.09276841958921606,3084026890,0.0,ok
hva,lso_grid,secondary,8,6,kappa,C,C_given_G_nu_cos,main,True,30,14,False,-0.15796938828754858,-0.32989300506305225,0.047790304634349696,1837276141,0.0,collinear
hva,lso_grid,secondary,8,8,r,C,C_given_G_nu_cos,main,False,30,29,True,0.26620955641848715,0.1492734424245692,0.3679264798749288,1368243786,0.0,ok
hva,lso_grid,secondary,8,8,r,C,C_given_G_nu_cos,main,True,30,7,False,0.18490200515846716,0.08798694032129586,0.27819327447234643,777919795,0.0,collinear
hva,lso_grid,secondary,8,8,kappa,C,C_given_G_nu_cos,main,False,30,29,True,-0.298340703647847,-0.425552838432245,-0.14751467275383556,3745643077,0.0,ok
hva,lso_grid,secondary,8,8,kappa,C,C_given_G_nu_cos,main,True,30,7,False,-0.3845815265583153,-0.5315406772846499,-0.23086477401620467,3297619840,0.0,collinear
hva,lso_grid,secondary,10,4,r,C,C_given_G_nu_cos,main,False,30,29,True,0.09095478271370092,-0.03104623850804335,0.20983044755049188,2662915781,0.0,ok
hva,lso_grid,secondary,10,4,r,C,C_given_G_nu_cos,main,True,30,9,False,0.07717219535430614,-0.2502869290852983,0.3375358047453036,974340559,0.0,collinear
hva,lso_grid,secondary,10,4,kappa,C,C_given_G_nu_cos,main,False,30,29,True,-0.08067739373695458,-0.21377239166516288,0.06080356105213212,2467864254,0.0,ok
hva,lso_grid,secondary,10,4,kappa,C,C_given_G_nu_cos,main,True,30,9,False,-0.09992340861867822,-0.3968299383701503,0.28857007911966565,1983390524,0.0,collinear
hva,lso_grid,secondary,10,6,r,C,C_given_G_nu_cos,main,False,30,30,True,0.19425733182745186,0.08756834638321274,0.29275653403605406,1490903763,0.0,ok
hva,lso_grid,secondary,10,6,r,C,C_given_G_nu_cos,main,True,30,4,False,0.1703151862466976,0.02594687581520116,0.350895049290539,2123237818,0.0,collinear
hva,lso_grid,secondary,10,6,kappa,C,C_given_G_nu_cos,main,False,30,30,True,-0.3081452262668893,-0.39486999545919194,-0.21892760307796333,981138221,0.0,ok
hva,lso_grid,secondary,10,6,kappa,C,C_given_G_nu_cos,main,True,30,4,False,-0.2747624520271059,-0.5197473004208057,-0.011579146697835038,1150799242,0.0,collinear
hva,lso_grid,secondary,10,8,r,C,C_given_G_nu_cos,main,False,30,29,True,0.31625817646198934,0.17541146450545747,0.44326608882790924,3275521652,0.0,ok
hva,lso_grid,secondary,10,8,r,C,C_given_G_nu_cos,main,True,30,5,False,0.4261941549418457,0.1532989494742087,0.6602676532548474,470759555,0.0,collinear
hva,lso_grid,secondary,10,8,kappa,C,C_given_G_nu_cos,main,False,30,29,True,-0.39584446650451893,-0.5113394992326328,-0.27590441045117864,2893315765,0.0,ok
hva,lso_grid,secondary,10,8,kappa,C,C_given_G_nu_cos,main,True,30,5,False,-0.39984697353745907,-0.6136731907094415,-0.16244257936776463,2221075974,0.0,collinear
hva,vanilla,primary,4,4,r,C,C_given_G,main,False,30,27,True,-0.0724909079631915,-0.19906187499724207,0.039925074923867765,1113751404,0.0,ok
hva,vanilla,primary,4,4,r,C,C_given_G,main,True,30,11,False,-0.10470870182512061,-0.33923666422605264,0.09108449858209122,1099287180,0.0,collinear
hva,vanilla,primary,4,4,kappa,C,C_given_G,main,False,30,27,True,0.007321648089569236,-0.1697024296899355,0.18876442675161678,2022989819,0.0,ok
hva,vanilla,primary,4,4,kappa,C,C_given_G,main,True,30,11,False,0.007596788163924838,-0.3363098358114739,0.3374272034906263,2520394273,0.0,collinear
hva,vanilla,primary,4,6,r,C,C_given_G,main,False,30,26,True,-0.05585964507134231,-0.13701663031895167,0.024880060990446155,3350267149,0.0,ok
hva,vanilla,primary,4,6,r,C,C_given_G,main,True,30,12,False,-0.00282615504350421,-0.12730286280593,0.11120628827422814,3130573356,0.0,collinear
hva,vanilla,primary,4,6,kappa,C,C_given_G,main,False,30,26,True,0.05327544357879534,-0.03662787574516504,0.13713816953301203,1276055062,0.0,ok
hva,vanilla,primary,4,6,kappa,C,C_given_G,main,True,30,12,False,0.07363452348631065,-0.05376881011673402,0.18599908011278113,353194977,0.0,collinear
hva,vanilla,primary,4,8,r,C,C_given_G,main,False,30,24,True,-0.08884883610049131,-0.1681897575194885,-0.00814785792870878,1220671627,0.0,ok
hva,vanilla,primary,4,8,r,C,C_given_G,main,True,30,12,False,-0.06927717738384039,-0.14245659297869404,-0.0041480904734276375,91631469,0.0,collinear
hva,vanilla,primary,4,8,kappa,C,C_given_G,main,False,30,24,True,0.00029101766676666924,-0.15025651394606446,0.14905603248082,3199589869,0.0,ok
hva,vanilla,primary,4,8,kappa,C,C_given_G,main,True,30,12,False,-0.17027839024659386,-0.3258191533112276,-0.004568800554723482,1234576894,0.0,collinear
hva,vanilla,primary,6,4,r,C,C_given_G,main,False,30,30,True,0.014926030700525632,-0.07584806683064799,0.10235420146478522,4119699238,0.0,ok
hva,vanilla,primary,6,4,r,C,C_given_G,main,True,30,12,False,-0.017072886940889345,-0.20498560048010991,0.14068432106991613,3182737215,0.0,collinear
hva,vanilla,primary,6,4,kappa,C,C_given_G,main,False,30,30,True,0.029063558345440846,-0.11782237554325171,0.16713643765829367,1757592311,0.0,ok
hva,vanilla,primary,6,4,kappa,C,C_given_G,main,True,30,12,False,0.08717311352888557,-0.18031467590916753,0.31881617777369464,3118775893,0.0,collinear
hva,vanilla,primary,6,6,r,C,C_given_G,main,False,30,28,True,0.11023228979203696,-0.007031115823131526,0.24111717509465083,3727987592,0.0,ok
hva,vanilla,primary,6,6,r,C,C_given_G,main,True,30,19,False,0.15527153964624935,0.008903676152725755,0.32650128052227206,3222214494,0.0,ok
hva,vanilla,primary,6,6,kappa,C,C_given_G,main,False,30,28,True,-0.16697947780264452,-0.3119840889075598,-0.024917828494571484,15910025,0.0,ok
hva,vanilla,primary,6,6,kappa,C,C_given_G,main,True,30,19,False,-0.19220462515069686,-0.38230952960398984,-0.0161487508790681,1279823386,0.0,ok
hva,vanilla,primary,6,8,r,C,C_given_G,main,False,30,29,True,-0.06164014839919855,-0.11952240236978484,-0.006420744102841421,2676613086,0.0,ok
hva,vanilla,primary,6,8,r,C,C_given_G,main,True,30,18,False,-0.024053287262173182,-0.10046537752945638,0.06972857674279859,3438300389,0.0,ok
hva,vanilla,primary,6,8,kappa,C,C_given_G,main,False,30,29,True,0.16371329122799513,0.0745649634998675,0.24972244012013134,3434827706,0.0,ok
hva,vanilla,primary,6,8,kappa,C,C_given_G,main,True,30,18,False,0.1696621194159805,0.042875882948836236,0.2824461981667153,59643504,0.0,ok
hva,vanilla,primary,8,4,r,C,C_given_G,main,False,30,29,True,0.019093190501456334,-0.048276441443818985,0.08736930746476007,3476536542,0.0,ok
hva,vanilla,primary,8,4,r,C,C_given_G,main,True,30,16,False,0.05943836325457057,-0.02068247745317362,0.16368321900607058,1087192628,0.0,ok
hva,vanilla,primary,8,4,kappa,C,C_given_G,main,False,30,29,True,-0.10335867818223979,-0.20838860937984685,0.010977276189880262,359458573,0.0,ok
hva,vanilla,primary,8,4,kappa,C,C_given_G,main,True,30,16,False,-0.19879129753916608,-0.30302679863441334,-0.0941634772897958,1965305688,0.0,ok
hva,vanilla,primary,8,6,r,C,C_given_G,main,False,30,30,True,0.03282204946774296,-0.06468549863902208,0.12988141938760983,2406535195,0.0,ok
hva,vanilla,primary,8,6,r,C,C_given_G,main,True,30,14,False,0.13407525757907796,0.040074896908629636,0.23304906457986818,3738609609,0.0,collinear
hva,vanilla,primary,8,6,kappa,C,C_given_G,main,False,30,30,True,-0.10979300067966041,-0.24051341008970883,0.022339288725356628,1332822254,0.0,ok
hva,vanilla,primary,8,6,kappa,C,C_given_G,main,True,30,14,False,-0.2773812377628538,-0.43236733594957655,-0.10037295109335069,2053468785,0.0,collinear
hva,vanilla,primary,8,8,r,C,C_given_G,main,False,30,30,True,-0.008283623496236103,-0.09587187549751537,0.0848019529103844,1200664761,0.0,ok
hva,vanilla,primary,8,8,r,C,C_given_G,main,True,30,16,False,0.046043941436990025,-0.056219509197625965,0.15759223697829658,4279414796,0.0,ok
hva,vanilla,primary,8,8,kappa,C,C_given_G,main,False,30,30,True,0.06087651331697201,-0.06300047709104634,0.18096257024231105,2616435588,0.0,ok
hva,vanilla,primary,8,8,kappa,C,C_given_G,main,True,30,16,False,-0.015440126323163817,-0.17896700167550864,0.11464580317555839,2386256937,0.0,ok
hva,vanilla,primary,10,4,r,C,C_given_G,main,False,30,27,True,-0.08883050264451152,-0.19309437808353674,0.005567653102756592,76750614,0.0,ok
hva,vanilla,primary,10,4,r,C,C_given_G,main,True,30,10,False,-0.18856166900508606,-0.3973737882787427,-0.005095499654758845,786257882,0.0,collinear
hva,vanilla,primary,10,4,kappa,C,C_given_G,main,False,30,27,True,0.031097796389704793,-0.13457763922620491,0.20557729177766607,4207482165,0.0,ok
hva,vanilla,primary,10,4,kappa,C,C_given_G,main,True,30,10,False,-0.019528804748914545,-0.3420665255142564,0.3312344051490507,1873741101,0.0,collinear
hva,vanilla,primary,10,6,r,C,C_given_G,main,False,30,28,True,0.01840971326778827,-0.09368269211677209,0.14695956413462263,2993307089,0.0,ok
hva,vanilla,primary,10,6,r,C,C_given_G,main,True,30,12,False,0.0740622586185513,-0.05690812185551697,0.2508869984747827,1277430663,0.0,collinear
hva,vanilla,primary,10,6,kappa,C,C_given_G,main,False,30,28,True,-0.06039045860546104,-0.21937613889651383,0.1019797906259909,3182516674,0.0,ok
hva,vanilla,primary,10,6,kappa,C,C_given_G,main,True,30,12,False,-0.10879221455310258,-0.316121364133525,0.07254381817008665,1008392038,0.0,collinear
hva,vanilla,primary,10,8,r,C,C_given_G,main,False,30,28,True,-0.009421393424618476,-0.0951789473860098,0.08972767555464468,2766447201,0.0,ok
hva,vanilla,primary,10,8,r,C,C_given_G,main,True,30,16,False,0.08343918376720891,-0.022776278896880706,0.21247832144659523,2951706781,0.0,ok
hva,vanilla,primary,10,8,kappa,C,C_given_G,main,False,30,28,True,-0.05004862424855517,-0.20711667711926746,0.09964438527224219,3897866004,0.0,ok
hva,vanilla,primary,10,8,kappa,C,C_given_G,main,True,30,16,False,-0.18436506426273888,-0.36903919802822444,0.019374763945437055,3999164147,0.0,ok
hva,vanilla_ls_nm,near-primary,4,4,r,C,C_given_G_nu,main,False,30,30,True,-0.013090071528402112,-0.11985441649443299,0.07579399640280746,2933730252,0.0,ok
hva,vanilla_ls_nm,near-primary,4,4,r,C,C_given_G,overcontrol check,False,30,30,True,-0.021799340606171513,-0.12416800428366422,0.06931625853662096,1470918511,0.0,ok
hva,vanilla_ls_nm,near-primary,4,4,r,C,C_given_G_nu,main,True,30,12,False,-0.03296509687123335,-0.11767328423562196,0.05439690351699204,4256981830,0.0,collinear
hva,vanilla_ls_nm,near-primary,4,4,r,C,C_given_G,overcontrol check,True,30,12,False,-0.0016909005731578024,-0.07309840739641926,0.07624718976738938,1004033464,0.0,collinear
hva,vanilla_ls_nm,near-primary,4,4,kappa,C,C_given_G_nu,main,False,30,30,True,-0.11275800214391946,-0.21660587606820977,0.0031234403737555165,2439019491,0.0,ok
hva,vanilla_ls_nm,near-primary,4,4,kappa,C,C_given_G,overcontrol check,False,30,30,True,-0.10413579045899127,-0.2299313715801957,0.018258485276432097,1204421452,0.0,ok
hva,vanilla_ls_nm,near-primary,4,4,kappa,C,C_given_G_nu,main,True,30,12,False,-0.17836093571275013,-0.3042125837932209,-0.0473591235244643,1151734547,0.0,collinear
hva,vanilla_ls_nm,near-primary,4,4,kappa,C,C_given_G,overcontrol check,True,30,12,False,-0.22958269285493607,-0.3998465066605474,-0.05469134242790671,582395185,0.0,collinear
hva,vanilla_ls_nm,near-primary,4,6,r,C,C_given_G_nu,main,False,30,26,True,0.027034715412106586,-0.012752016772746344,0.06666287801743648,250501917,0.0,ok
hva,vanilla_ls_nm,near-primary,4,6,r,C,C_given_G,overcontrol check,False,30,28,True,-0.030273244919127404,-0.10337255764614653,0.05106374293067171,1203523662,0.0,ok
hva,vanilla_ls_nm,near-primary,4,6,r,C,C_given_G_nu,main,True,30,11,False,-0.00812109015231807,-0.07366465389275177,0.051239145292324186,2023073983,0.0,collinear
hva,vanilla_ls_nm,near-primary,4,6,r,C,C_given_G,overcontrol check,True,30,12,False,0.032410744955200826,-0.07017631750430275,0.17815517066342276,4061951643,0.0,collinear
hva,vanilla_ls_nm,near-primary,4,6,kappa,C,C_given_G_nu,main,False,30,26,True,-0.057400216450420115,-0.13819383903196208,0.0274959749995483,1429758691,0.0,ok
hva,vanilla_ls_nm,near-primary,4,6,kappa,C,C_given_G,overcontrol check,False,30,28,True,-0.04865040447190514,-0.14375602836729387,0.03975937533155947,1640599989,0.0,ok
hva,vanilla_ls_nm,near-primary,4,6,kappa,C,C_given_G_nu,main,True,30,11,False,0.03123694789721892,-0.10791636337776968,0.16132500932024044,3508526846,0.0,collinear
hva,vanilla_ls_nm,near-primary,4,6,kappa,C,C_given_G,overcontrol check,True,30,12,False,-0.10458332485039995,-0.2880312483845071,0.06729306150455172,3068143188,0.0,collinear
hva,vanilla_ls_nm,near-primary,4,8,r,C,C_given_G_nu,main,False,30,18,False,0.009178042964086947,-0.10814260529954842,0.1275833904669849,3050957240,0.0,ok
hva,vanilla_ls_nm,near-primary,4,8,r,C,C_given_G,overcontrol check,False,30,20,True,-0.08196037892304148,-0.1876153104124005,0.01629331264673563,3690836206,0.0,ok
hva,vanilla_ls_nm,near-primary,4,8,r,C,C_given_G_nu,main,True,30,10,False,-0.039295763959997024,-0.18714160495593432,0.09356561664617657,2939077562,0.0,collinear
hva,vanilla_ls_nm,near-primary,4,8,r,C,C_given_G,overcontrol check,True,30,11,False,-0.09959865183083771,-0.1986292893636499,-0.01464078434887969,3429131522,0.0,collinear
hva,vanilla_ls_nm,near-primary,4,8,kappa,C,C_given_G_nu,main,False,30,18,False,-0.08902832685167683,-0.23244995847957295,0.05909701437028449,1723066951,0.0,ok
hva,vanilla_ls_nm,near-primary,4,8,kappa,C,C_given_G,overcontrol check,False,30,20,True,-0.08833516672040656,-0.25949952369536416,0.07525497397868706,240960061,0.0,ok
hva,vanilla_ls_nm,near-primary,4,8,kappa,C,C_given_G_nu,main,True,30,10,False,-0.0839766663100705,-0.24101598546294745,0.07448441006400591,3623099728,0.0,collinear
hva,vanilla_ls_nm,near-primary,4,8,kappa,C,C_given_G,overcontrol check,True,30,11,False,-0.09142137348769969,-0.2866495963370025,0.06556337158919577,3575012403,0.0,collinear
hva,vanilla_ls_nm,near-primary,6,4,r,C,C_given_G_nu,main,False,30,29,True,-0.06473262125284207,-0.1902270715447975,0.053279157597678845,1627805244,0.0,ok
hva,vanilla_ls_nm,near-primary,6,4,r,C,C_given_G,overcontrol check,False,30,29,True,-0.07041388962931609,-0.18446475517330277,0.037203383743456254,267725091,0.0,ok
hva,vanilla_ls_nm,near-primary,6,4,r,C,C_given_G_nu,main,True,30,13,False,0.016672154339722096,-0.06999042076184038,0.10220005723497479,2251186188,0.0,collinear
hva,vanilla_ls_nm,near-primary,6,4,r,C,C_given_G,overcontrol check,True,30,13,False,-0.003511815614175224,-0.08596006949755405,0.0750646563087207,2334003811,0.0,collinear
hva,vanilla_ls_nm,near-primary,6,4,kappa,C,C_given_G_nu,main,False,30,29,True,0.04758976342679524,-0.10033226018503869,0.19685684319153135,1955607619,0.0,ok
hva,vanilla_ls_nm,near-primary,6,4,kappa,C,C_given_G,overcontrol check,False,30,29,True,0.05568592236056594,-0.11063255750738499,0.21586434846402097,1143034528,0.0,ok
hva,vanilla_ls_nm,near-primary,6,4,kappa,C,C_given_G_nu,main,True,30,13,False,-0.03645176948592026,-0.25393502703980675,0.18811226048567808,3172533556,0.0,collinear
hva,vanilla_ls_nm,near-primary,6,4,kappa,C,C_given_G,overcontrol check,True,30,13,False,-0.0037868144445806656,-0.28509396467600095,0.2614723550163946,1492383799,0.0,collinear
hva,vanilla_ls_nm,near-primary,6,6,r,C,C_given_G_nu,main,False,30,28,True,0.042246156337367745,-0.06185623980354862,0.14581387842233534,1013447681,0.0,ok
hva,vanilla_ls_nm,near-primary,6,6,r,C,C_given_G,overcontrol check,False,30,28,True,0.031380290574070435,-0.0648351922781326,0.11976202600422663,2217807015,0.0,ok
hva,vanilla_ls_nm,near-primary,6,6,r,C,C_given_G_nu,main,True,30,17,False,0.032111090420002264,-0.07044612067136938,0.13128554238539958,2111792072,0.0,ok
hva,vanilla_ls_nm,near-primary,6,6,r,C,C_given_G,overcontrol check,True,30,17,False,0.014992583034561763,-0.07633164870949616,0.08928455859198282,2800404207,0.0,ok
hva,vanilla_ls_nm,near-primary,6,6,kappa,C,C_given_G_nu,main,False,30,28,True,-0.12091166613274948,-0.25573835010701595,0.014502173475820317,505095578,0.0,ok
hva,vanilla_ls_nm,near-primary,6,6,kappa,C,C_given_G,overcontrol check,False,30,28,True,-0.1715737931353425,-0.3040067861348477,-0.04213644058358821,1101395372,0.0,ok
hva,vanilla_ls_nm,near-primary,6,6,kappa,C,C_given_G_nu,main,True,30,17,False,-0.06633546905300616,-0.1876224400990425,0.06263877202082734,1414976208,0.0,ok
hva,vanilla_ls_nm,near-primary,6,6,kappa,C,C_given_G,overcontrol check,True,30,17,False,-0.11412896878191298,-0.21397617189215828,-0.0015171511156561784,1051005117,0.0,ok
hva,vanilla_ls_nm,near-primary,6,8,r,C,C_given_G_nu,main,False,30,30,True,0.019321276507767566,-0.05698511858960195,0.09574149093253297,681326942,0.0,ok
hva,vanilla_ls_nm,near-primary,6,8,r,C,C_given_G,overcontrol check,False,30,30,True,-0.014187480270023195,-0.07440554216620142,0.048632785772464986,919375188,0.0,ok
hva,vanilla_ls_nm,near-primary,6,8,r,C,C_given_G_nu,main,True,30,17,False,0.01541473043325084,-0.06466587788213092,0.10158087983999808,3184908347,0.0,ok
hva,vanilla_ls_nm,near-primary,6,8,r,C,C_given_G,overcontrol check,True,30,17,False,-0.014616633205445564,-0.06471802196948043,0.039684642803225756,1511361330,0.0,ok
hva,vanilla_ls_nm,near-primary,6,8,kappa,C,C_given_G_nu,main,False,30,30,True,0.007698961005041871,-0.08749543445758431,0.1065488789592098,1651844663,0.0,ok
hva,vanilla_ls_nm,near-primary,6,8,kappa,C,C_given_G,overcontrol check,False,30,30,True,0.02546515044879405,-0.0648849949836692,0.11396363066072854,894300750,0.0,ok
hva,vanilla_ls_nm,near-primary,6,8,kappa,C,C_given_G_nu,main,True,30,17,False,0.02115086024184386,-0.0728328490287527,0.14255582309053327,2612224091,0.0,ok
hva,vanilla_ls_nm,near-primary,6,8,kappa,C,C_given_G,overcontrol check,True,30,17,False,0.026689838234648263,-0.08666638652712591,0.13322765968412043,710350747,0.0,ok
hva,vanilla_ls_nm,near-primary,8,4,r,C,C_given_G_nu,main,False,30,27,True,0.10145763403618206,0.03508814974004756,0.18174882358526073,1815247806,0.0,ok
hva,vanilla_ls_nm,near-primary,8,4,r,C,C_given_G,overcontrol check,False,30,30,True,0.027276977965387774,-0.06180304022131485,0.11670924566562992,2001024929,0.0,ok
hva,vanilla_ls_nm,near-primary,8,4,r,C,C_given_G_nu,main,True,30,16,False,0.1123880193919421,0.011608982774418755,0.2355652603269123,1408224666,0.0,ok
hva,vanilla_ls_nm,near-primary,8,4,r,C,C_given_G,overcontrol check,True,30,19,False,0.03847177726968843,-0.055978442225325394,0.15615220353274076,4178860431,0.0,ok
hva,vanilla_ls_nm,near-primary,8,4,kappa,C,C_given_G_nu,main,False,30,27,True,-0.22600734169785397,-0.3336268767546325,-0.123242039654038,2037061875,0.0,ok
hva,vanilla_ls_nm,near-primary,8,4,kappa,C,C_given_G,overcontrol check,False,30,30,True,-0.15904581406537216,-0.2797047793058869,-0.03740376875724161,4291175104,0.0,ok
hva,vanilla_ls_nm,near-primary,8,4,kappa,C,C_given_G_nu,main,True,30,16,False,-0.30000026441968586,-0.44876571794150916,-0.15322127508586295,950987233,0.0,ok
hva,vanilla_ls_nm,near-primary,8,4,kappa,C,C_given_G,overcontrol check,True,30,19,False,-0.21220135513097935,-0.3693914605729953,-0.06519572317493057,1534621528,0.0,ok
hva,vanilla_ls_nm,near-primary,8,6,r,C,C_given_G_nu,main,False,30,27,True,0.06720123581297227,-0.01177517245792129,0.1439586582439898,4247396870,0.0,ok
hva,vanilla_ls_nm,near-primary,8,6,r,C,C_given_G,overcontrol check,False,30,29,True,0.039068253449965264,-0.04430538405888036,0.11992361739237209,1502525020,0.0,ok
hva,vanilla_ls_nm,near-primary,8,6,r,C,C_given_G_nu,main,True,30,15,False,0.09611966328642108,-0.005498490272421501,0.18927749236463037,2850131195,0.0,collinear
hva,vanilla_ls_nm,near-primary,8,6,r,C,C_given_G,overcontrol check,True,30,15,False,0.053539056566095505,-0.06077649282413845,0.16592975606367769,98504062,0.0,collinear
hva,vanilla_ls_nm,near-primary,8,6,kappa,C,C_given_G_nu,main,False,30,27,True,-0.16468226496509314,-0.29595509405595205,-0.028382877170766038,4027453010,0.0,ok
hva,vanilla_ls_nm,near-primary,8,6,kappa,C,C_given_G,overcontrol check,False,30,29,True,-0.1675256962983683,-0.2991491006190558,-0.034300266924161674,2015565941,0.0,ok
hva,vanilla_ls_nm,near-primary,8,6,kappa,C,C_given_G_nu,main,True,30,15,False,-0.22639874754620468,-0.3967543796034165,-0.048976863973601105,3525684895,0.0,collinear
hva,vanilla_ls_nm,near-primary,8,6,kappa,C,C_given_G,overcontrol check,True,30,15,False,-0.217111520386629,-0.3983800683374697,-0.025000184235609107,691985152,0.0,collinear
hva,vanilla_ls_nm,near-primary,8,8,r,C,C_given_G_nu,main,False,30,25,True,-0.12340544241737512,-0.20725963275301254,-0.041747002639801765,3921969000,0.0,ok
hva,vanilla_ls_nm,near-primary,8,8,r,C,C_given_G,overcontrol check,False,30,29,True,-0.11943793950102521,-0.1883762015557375,-0.05641766850555125,2352414774,0.0,ok
hva,vanilla_ls_nm,near-primary,8,8,r,C,C_given_G_nu,main,True,30,14,False,-0.0008234425460919881,-0.06740098898329161,0.061317249326248144,2207706780,0.0,collinear
hva,vanilla_ls_nm,near-primary,8,8,r,C,C_given_G,overcontrol check,True,30,17,False,-0.06363134573391824,-0.16855752442366853,0.012709569503990971,3368107452,0.0,ok
hva,vanilla_ls_nm,near-primary,8,8,kappa,C,C_given_G_nu,main,False,30,25,True,0.1792477617977903,0.07451575812691016,0.28830100434895,205254042,0.0,ok
hva,vanilla_ls_nm,near-primary,8,8,kappa,C,C_given_G,overcontrol check,False,30,29,True,0.14680959270786226,0.0504656487667992,0.24230325509919606,1558309855,0.0,ok
hva,vanilla_ls_nm,near-primary,8,8,kappa,C,C_given_G_nu,main,True,30,14,False,0.06308708421739637,-0.08322793306910727,0.21387118218781254,956034199,0.0,collinear
hva,vanilla_ls_nm,near-primary,8,8,kappa,C,C_given_G,overcontrol check,True,30,17,False,0.06636382368019515,-0.07922622113236458,0.2142243300504109,4088659911,0.0,ok
hva,vanilla_ls_nm,near-primary,10,4,r,C,C_given_G_nu,main,False,30,29,True,-0.06543242312471785,-0.18437728914947174,0.05180147711938269,542301526,0.0,ok
hva,vanilla_ls_nm,near-primary,10,4,r,C,C_given_G,overcontrol check,False,30,29,True,-0.07672708577190576,-0.1750813175258051,0.020567227578873897,1074431612,0.0,ok
hva,vanilla_ls_nm,near-primary,10,4,r,C,C_given_G_nu,main,True,30,11,False,-0.08332047321457062,-0.23478535885212132,0.023099168346213367,3901493575,0.0,collinear
hva,vanilla_ls_nm,near-primary,10,4,r,C,C_given_G,overcontrol check,True,30,11,False,-0.06199907666825081,-0.19663376704930197,0.03347120374949445,2852561571,0.0,collinear
hva,vanilla_ls_nm,near-primary,10,4,kappa,C,C_given_G_nu,main,False,30,29,True,0.029364649190676478,-0.11197983997438829,0.17521718041088238,1995497789,0.0,ok
hva,vanilla_ls_nm,near-primary,10,4,kappa,C,C_given_G,overcontrol check,False,30,29,True,0.0016479536242298063,-0.13858753132346283,0.14679232398544506,2901114304,0.0,ok
hva,vanilla_ls_nm,near-primary,10,4,kappa,C,C_given_G_nu,main,True,30,11,False,0.03752295005676086,-0.1520601264688541,0.267023147204341,4095093683,0.0,collinear
hva,vanilla_ls_nm,near-primary,10,4,kappa,C,C_given_G,overcontrol check,True,30,11,False,-0.03994158779833277,-0.22011052135307174,0.18549981341118824,2494314992,0.0,collinear
hva,vanilla_ls_nm,near-primary,10,6,r,C,C_given_G_nu,main,False,30,28,True,0.06962020101020217,-0.05500766065219305,0.2120221262889372,3570245994,0.0,ok
hva,vanilla_ls_nm,near-primary,10,6,r,C,C_given_G,overcontrol check,False,30,28,True,0.06483903034715344,-0.0421396436019025,0.18262234631229995,3129736543,0.0,ok
hva,vanilla_ls_nm,near-primary,10,6,r,C,C_given_G_nu,main,True,30,13,False,0.07144003864341629,-0.13135680056289362,0.3119405437071488,4359132,0.0,collinear
hva,vanilla_ls_nm,near-primary,10,6,r,C,C_given_G,overcontrol check,True,30,14,False,0.14206018485401758,-0.07421682806579603,0.3769232066426375,445757032,0.0,collinear
hva,vanilla_ls_nm,near-primary,10,6,kappa,C,C_given_G_nu,main,False,30,28,True,-0.16199892377940334,-0.31221271269671275,-0.007730108939630831,1737828775,0.0,ok
hva,vanilla_ls_nm,near-primary,10,6,kappa,C,C_given_G,overcontrol check,False,30,28,True,-0.1608111312569718,-0.2953856186382005,-0.03445269271373793,3129041301,0.0,ok
hva,vanilla_ls_nm,near-primary,10,6,kappa,C,C_given_G_nu,main,True,30,13,False,-0.12440912147410634,-0.3693336329573961,0.12336690755347726,3049584752,0.0,collinear
hva,vanilla_ls_nm,near-primary,10,6,kappa,C,C_given_G,overcontrol check,True,30,14,False,-0.18604018193462465,-0.40929221528290766,0.03380158634342165,436131136,0.0,collinear
hva,vanilla_ls_nm,near-primary,10,8,r,C,C_given_G_nu,main,False,30,26,True,0.01899273397340946,-0.05475675678782372,0.10109812630364162,1004957242,0.0,ok
hva,vanilla_ls_nm,near-primary,10,8,r,C,C_given_G,overcontrol check,False,30,27,True,-0.07947374946678104,-0.16961094069470373,0.0025145907748360895,114693002,0.0,ok
hva,vanilla_ls_nm,near-primary,10,8,r,C,C_given_G_nu,main,True,30,17,False,0.10100522546965719,0.02954159262661826,0.1931789045786765,1900855202,0.0,ok
hva,vanilla_ls_nm,near-primary,10,8,r,C,C_given_G,overcontrol check,True,30,18,False,-0.02189398800631898,-0.08243421291959946,0.043673115415152265,3211256541,0.0,ok
hva,vanilla_ls_nm,near-primary,10,8,kappa,C,C_given_G_nu,main,False,30,26,True,-0.06431127228097522,-0.15050243910517186,0.02780982005771125,3475533973,0.0,ok
hva,vanilla_ls_nm,near-primary,10,8,kappa,C,C_given_G,overcontrol check,False,30,27,True,0.007467378201259455,-0.11836516012455707,0.13607516186572713,1033501384,0.0,ok
hva,vanilla_ls_nm,near-primary,10,8,kappa,C,C_given_G_nu,main,True,30,17,False,-0.15984339940512124,-0.23452002902957603,-0.08100124402854306,412447944,0.0,ok
hva,vanilla_ls_nm,near-primary,10,8,kappa,C,C_given_G,overcontrol check,True,30,18,False,-0.0761185691195089,-0.2066124464092725,0.061140740611272136,1480374832,0.0,ok
