basis,ansatz,variant,n_qubits,depth,seeds_expected,seeds_present,rho_A_lite_seeds_identifiable,rho_A_lite_seeds_estimable,rho_A_lite_fraction_expected,rho_A_lite_cell_estimable,rho_A_lite_vif_median,rho_A_lite_vif_p90,rho_A_lite_kappa_median,rho_nu_lite_seeds_identifiable,rho_nu_lite_seeds_estimable,rho_nu_lite_fraction_expected,rho_nu_lite_cell_estimable,rho_nu_lite_vif_median,rho_nu_lite_vif_p90,rho_nu_lite_kappa_median,route_required_stats,seeds_route_estimable,estimable_fraction_expected,estimable_fraction_present,cell_estimable,structural_notes
lite,hea,lso_grid,4,4,30,30,30,23,0.7666666666666667,True,5.393465141356926,14.919525797658194,4.490988089579444,30,23,0.7666666666666667,True,5.393465141356926,14.919525797658194,4.490988089579445,rho_A_lite;rho_nu_lite,23,0.7666666666666667,0.7666666666666667,True,
lite,hea,lso_grid,4,6,30,30,30,21,0.7,True,7.432525985680786,26.253353937120888,5.369499355773646,30,21,0.7,True,7.432525985680786,26.2533539371209,5.369499355773644,rho_A_lite;rho_nu_lite,21,0.7,0.7,True,
lite,hea,lso_grid,4,8,30,30,30,24,0.8,True,4.4933623727914505,25.623809915219244,4.190123758956727,30,24,0.8,True,4.4933623727914505,25.623809915219226,4.190123758956725,rho_A_lite;rho_nu_lite,24,0.8,0.8,True,
lite,hea,lso_grid,6,4,30,30,30,26,0.8666666666666667,True,4.97282871747908,10.953874672960728,4.272224394920106,30,26,0.8666666666666667,True,4.97282871747908,10.953874672960728,4.272224394920105,rho_A_lite;rho_nu_lite,26,0.8666666666666667,0.8666666666666667,True,
lite,hea,lso_grid,6,6,30,30,30,26,0.8666666666666667,True,5.202686690538611,11.080831417580116,4.507621129790516,30,26,0.8666666666666667,True,5.202686690538611,11.080831417580107,4.5076211297905155,rho_A_lite;rho_nu_lite,26,0.8666666666666667,0.8666666666666667,True,
lite,hea,lso_grid,6,8,30,30,30,17,0.5666666666666667,False,8.090904340573921,17.990871616442206,5.6292746566020835,30,17,0.5666666666666667,False,8.090904340573921,17.990871616442206,5.629274656602083,rho_A_lite;rho_nu_lite,17,0.5666666666666667,0.5666666666666667,False,
lite,hea,lso_grid,8,4,30,30,30,27,0.9,True,3.210774706059077,10.007833358596068,3.373005373143456,30,27,0.9,True,3.2107747060590777,10.007833358596068,3.373005373143455,rho_A_lite;rho_nu_lite,27,0.9,0.9,True,
lite,hea,lso_grid,8,6,30,30,30,27,0.9,True,4.155613592387136,9.572651176704321,3.8244407775389626,30,27,0.9,True,4.155613592387136,9.572651176704321,3.824440777538962,rho_A_lite;rho_nu_lite,27,0.9,0.9,True,
lite,hea,lso_grid,8,8,30,30,30,28,0.9333333333333333,True,4.809597769885493,9.090261010321662,4.163623867236771,30,28,0.9333333333333333,True,4.809597769885494,9.090261010321662,4.1636238672367725,rho_A_lite;rho_nu_lite,28,0.9333333333333333,0.9333333333333333,True,
lite,hea,lso_grid,10,4,30,30,30,28,0.9333333333333333,True,4.352548531683562,8.586833456619079,3.995860963401481,30,28,0.9333333333333333,True,4.352548531683562,8.586833456619079,3.9958609634014826,rho_A_lite;rho_nu_lite,28,0.9333333333333333,0.9333333333333333,True,
lite,hea,lso_grid,10,6,30,30,30,26,0.8666666666666667,True,3.7905519175237865,10.394222411310313,3.651799965327683,30,26,0.8666666666666667,True,3.7905519175237865,10.394222411310313,3.651799965327683,rho_A_lite;rho_nu_lite,26,0.8666666666666667,0.8666666666666667,True,
lite,hea,lso_grid,10,8,30,30,30,20,0.6666666666666666,True,8.254986151644,42.80133719218737,5.590500897353452,30,20,0.6666666666666666,True,8.254986151644,42.80133719218737,5.590500897353453,rho_A_lite;rho_nu_lite,20,0.6666666666666666,0.6666666666666666,True,
lite,hea,lso_pcgrad,4,4,30,30,30,16,0.5333333333333333,False,8.205960130947762,80.19753671929818,5.985164513731149,30,16,0.5333333333333333,False,8.205960130947762,80.19753671929818,5.985164513731153,rho_A_lite;rho_nu_lite,16,0.5333333333333333,0.5333333333333333,False,
lite,hea,lso_pcgrad,4,6,30,30,30,8,0.26666666666666666,False,141.7823046766785,5144.917452864283,27.521675208691484,30,8,0.26666666666666666,False,141.7823046766785,5144.917452864283,27.52167520869149,rho_A_lite;rho_nu_lite,8,0.26666666666666666,0.26666666666666666,False,
lite,hea,lso_pcgrad,4,8,30,30,30,4,0.13333333333333333,False,206.41792524982947,3211.530689149845,32.4222803904446,30,4,0.13333333333333333,False,206.41792524982947,3211.530689149845,32.4222803904446,rho_A_lite;rho_nu_lite,4,0.13333333333333333,0.13333333333333333,False,
lite,hea,lso_pcgrad,6,4,30,30,30,24,0.8,True,5.462479347349225,11.39348376557399,4.577800539769847,30,24,0.8,True,5.462479347349225,11.39348376557399,4.5778005397698465,rho_A_lite;rho_nu_lite,24,0.8,0.8,True,
lite,hea,lso_pcgrad,6,6,30,30,30,16,0.5333333333333333,False,9.799538650080088,30.68202049669662,6.46774901155222,30,16,0.5333333333333333,False,9.799538650080088,30.68202049669662,6.4677490115522165,rho_A_lite;rho_nu_lite,16,0.5333333333333333,0.5333333333333333,False,
lite,hea,lso_pcgrad,6,8,30,30,30,4,0.13333333333333333,False,37.88830752238378,125.7577937808706,13.383049951114028,30,4,0.13333333333333333,False,37.88830752238388,125.7577937808706,13.383049951114032,rho_A_lite;rho_nu_lite,4,0.13333333333333333,0.13333333333333333,False,
lite,hea,lso_pcgrad,8,4,30,30,30,25,0.8333333333333334,True,4.137500251670667,11.56853167839447,3.8928914316672105,30,25,0.8333333333333334,True,4.137500251670666,11.56853167839447,3.8928914316672083,rho_A_lite;rho_nu_lite,25,0.8333333333333334,0.8333333333333334,True,
lite,hea,lso_pcgrad,8,6,30,30,30,24,0.8,True,4.673129583483458,12.997993226466347,4.148967079361833,30,24,0.8,True,4.673129583483458,12.997993226466347,4.148967079361835,rho_A_lite;rho_nu_lite,24,0.8,0.8,True,
lite,hea,lso_pcgrad,8,8,30,30,30,23,0.7666666666666667,True,5.958623175646389,11.10594102179187,4.720274597925274,30,23,0.7666666666666667,True,5.958623175646387,11.10594102179187,4.720274597925275,rho_A_lite;rho_nu_lite,23,0.7666666666666667,0.7666666666666667,True,
lite,hea,lso_pcgrad,10,4,30,30,30,25,0.8333333333333334,True,4.542770107838598,14.990723046702955,4.2866445645152,30,25,0.8333333333333334,True,4.542770107838598,14.990723046702955,4.2866445645152,rho_A_lite;rho_nu_lite,25,0.8333333333333334,0.8333333333333334,True,
lite,hea,lso_pcgrad,10,6,30,30,30,27,0.9,True,4.6657516679617554,8.40680494027183,4.125832019561788,30,27,0.9,True,4.665751667961754,8.40680494027183,4.125832019561788,rho_A_lite;rho_nu_lite,27,0.9,0.9,True,
lite,hea,lso_pcgrad,10,8,30,30,30,19,0.6333333333333333,False,8.351868921383334,42.465069263509804,5.7652523001958595,30,19,0.6333333333333333,False,8.351868921383334,42.465069263509804,5.765252300195861,rho_A_lite;rho_nu_lite,19,0.6333333333333333,0.6333333333333333,False,
lite,hea,pcgrad,4,4,30,30,30,29,0.9666666666666667,True,1.8579585081555043,5.156240910420704,2.303224170791012,30,29,0.9666666666666667,True,1.8579585081555048,5.156240910420706,2.303224170791013,rho_A_lite;rho_nu_lite,29,0.9666666666666667,0.9666666666666667,True,
lite,hea,pcgrad,4,6,30,30,30,30,1.0,True,1.717950701796242,3.1192752378190214,2.183590404208622,30,30,1.0,True,1.7179507017962417,3.1192752378190214,2.183590404208622,rho_A_lite;rho_nu_lite,30,1.0,1.0,True,
lite,hea,pcgrad,4,8,30,30,30,30,1.0,True,2.171940996299295,4.6362068523860875,2.5954184691211557,30,30,1.0,True,2.171940996299295,4.6362068523860875,2.5954184691211557,rho_A_lite;rho_nu_lite,30,1.0,1.0,True,
lite,hea,pcgrad,6,4,30,30,30,30,1.0,True,2.9829110503588385,6.661776040874433,3.159584422417599,30,30,1.0,True,2.9829110503588385,6.661776040874429,3.1595844224176,rho_A_lite;rho_nu_lite,30,1.0,1.0,True,
lite,hea,pcgrad,6,6,30,30,30,29,0.9666666666666667,True,2.6876293311639934,6.152047573078371,2.9394370489209285,30,29,0.9666666666666667,True,2.6876293311639934,6.152047573078371,2.9394370489209294,rho_A_lite;rho_nu_lite,29,0.9666666666666667,0.9666666666666667,True,
lite,hea,pcgrad,6,8,30,30,30,30,1.0,True,3.158639404991006,6.070808355473279,3.282713068362922,30,30,1.0,True,3.158639404991006,6.070808355473279,3.2827130683629226,rho_A_lite;rho_nu_lite,30,1.0,1.0,True,
lite,hea,pcgrad,8,4,30,30,30,28,0.9333333333333333,True,3.1078545643956135,9.176534823361356,3.3553041363323564,30,28,0.9333333333333333,True,3.1078545643956135,9.176534823361356,3.3553041363323555,rho_A_lite;rho_nu_lite,28,0.9333333333333333,0.9333333333333333,True,
lite,hea,pcgrad,8,6,30,30,30,23,0.7666666666666667,True,5.631896463496862,14.609745125940734,4.6387341249382175,30,23,0.7666666666666667,True,5.631896463496863,14.609745125940734,4.6387341249382175,rho_A_lite;rho_nu_lite,23,0.7666666666666667,0.7666666666666667,True,
lite,hea,pcgrad,8,8,30,30,30,19,0.6333333333333333,False,6.537239950505141,18.364822895403428,5.042089935228736,30,19,0.6333333333333333,False,6.537239950505138,18.364822895403428,5.042089935228737,rho_A_lite;rho_nu_lite,19,0.6333333333333333,0.6333333333333333,False,
lite,hea,pcgrad,10,4,30,30,30,27,0.9,True,3.8958440565334564,8.656645843460126,3.929421988150229,30,27,0.9,True,3.895844056533457,8.656645843460126,3.9294219881502293,rho_A_lite;rho_nu_lite,27,0.9,0.9,True,
lite,hea,pcgrad,10,6,30,30,30,24,0.8,True,5.30367248114543,23.991324451490534,4.474818757130254,30,24,0.8,True,5.30367248114543,23.991324451490534,4.474818757130254,rho_A_lite;rho_nu_lite,24,0.8,0.8,True,
lite,hea,pcgrad,10,8,30,30,30,10,0.3333333333333333,False,13.844002168720555,44.00396879345997,7.376864516768162,30,10,0.3333333333333333,False,13.844002168720555,44.00396879345997,7.376864516768157,rho_A_lite;rho_nu_lite,10,0.3333333333333333,0.3333333333333333,False,
lite,hea,pcgrad_nm,4,4,30,30,30,30,1.0,True,1.1015619607565612,1.8158892604616252,1.3681190247267618,0,0,0.0,False,,,,rho_A_lite,30,1.0,1.0,True,rho_A_lite:nu(structural_control) x30; rho_nu_lite:nu(structural_target) x30
lite,hea,pcgrad_nm,4,6,30,30,30,30,1.0,True,1.0647356465331927,1.2872991364012631,1.2848320620103868,0,0,0.0,False,,,,rho_A_lite,30,1.0,1.0,True,rho_A_lite:nu(structural_control) x30; rho_nu_lite:nu(structural_target) x30
lite,hea,pcgrad_nm,4,8,30,30,30,30,1.0,True,1.0451001763143757,1.1919215920713329,1.2346346318402628,0,0,0.0,False,,,,rho_A_lite,30,1.0,1.0,True,rho_A_lite:nu(structural_control) x30; rho_nu_lite:nu(structural_target) x30
lite,hea,pcgrad_nm,6,4,30,30,30,29,0.9666666666666667,True,1.1111852799918296,3.678803077744308,1.387258938967304,0,0,0.0,False,,,,rho_A_lite,29,0.9666666666666667,0.9666666666666667,True,rho_A_lite:nu(structural_control) x30; rho_nu_lite:nu(structural_target) x30
lite,hea,pcgrad_nm,6,6,30,30,30,30,1.0,True,1.3445901762706343,2.625351205907763,1.7465474310708502,0,0,0.0,False,,,,rho_A_lite,30,1.0,1.0,True,rho_A_lite:nu(structural_control) x30; rho_nu_lite:nu(structural_target) x30
lite,hea,pcgrad_nm,6,8,30,30,30,30,1.0,True,1.114940490461932,1.8569836321728432,1.394899019935972,0,0,0.0,False,,,,rho_A_lite,30,1.0,1.0,True,rho_A_lite:nu(structural_control) x30; rho_nu_lite:nu(structural_target) x30
lite,hea,pcgrad_nm,8,4,30,30,30,29,0.9666666666666667,True,1.3149313844772894,3.1725601892941144,1.704020358987699,0,0,0.0,False,,,,rho_A_lite,29,0.9666666666666667,0.9666666666666667,True,rho_A_lite:nu(structural_control) x30; rho_nu_lite:nu(structural_target) x30
lite,hea,pcgrad_nm,8,6,30,30,30,27,0.9,True,1.9277853680626578,9.92508981586594,2.350418744426635,0,0,0.0,False,,,,rho_A_lite,27,0.9,0.9,True,rho_A_lite:nu(structural_control) x30; rho_nu_lite:nu(structural_target) x30
lite,hea,pcgrad_nm,8,8,30,30,30,23,0.7666666666666667,True,3.301612779226745,25.251908957162836,3.334029437186386,0,0,0.0,False,,,,rho_A_lite,23,0.7666666666666667,0.7666666666666667,True,rho_A_lite:nu(structural_control) x30; rho_nu_lite:nu(structural_target) x30
lite,hea,pcgrad_nm,10,4,30,30,30,30,1.0,True,1.2148971855611084,2.573783005938903,1.5655277476982903,0,0,0.0,False,,,,rho_A_lite,30,1.0,1.0,True,rho_A_lite:nu(structural_control) x30; rho_nu_lite:nu(structural_target) x30
lite,hea,pcgrad_nm,10,6,30,30,30,23,0.7666666666666667,True,3.352178368176386,38.20424167785126,3.3645719856985097,0,0,0.0,False,,,,rho_A_lite,23,0.7666666666666667,0.7666666666666667,True,rho_A_lite:nu(structural_control) x30; rho_nu_lite:nu(structural_target) x30
lite,hea,pcgrad_nm,10,8,30,30,30,14,0.4666666666666667,False,10.325484530134045,52.85971217233646,6.267025175773525,0,0,0.0,False,,,,rho_A_lite,14,0.4666666666666667,0.4666666666666667,False,rho_A_lite:nu(structural_control) x30; rho_nu_lite:nu(structural_target) x30
lite,hea,vanilla,4,4,30,30,29,19,0.6333333333333333,False,4.3440906291651356,238.04519527863178,3.912933708923982,0,0,0.0,False,,,,rho_A_lite,19,0.6333333333333333,0.6333333333333333,False,rho_A_lite:A==G(target_control_duplicate) x1; rho_A_lite:nu(structural_control) x30; rho_nu_lite:nu(structural_target) x30
lite,hea,vanilla,4,6,30,30,26,13,0.43333333333333335,False,9.789430692281172,2810.8155144528637,6.092764685779299,0,0,0.0,False,,,,rho_A_lite,13,0.43333333333333335,0.43333333333333335,False,rho_A_lite:A==G(target_control_duplicate) x4; rho_A_lite:nu(structural_control) x30; rho_nu_lite:nu(structural_target) x30
lite,hea,vanilla,4,8,30,30,22,10,0.3333333333333333,False,16.573429979117243,3958.1875165036995,8.016726878569592,0,0,0.0,False,,,,rho_A_lite,10,0.3333333333333333,0.3333333333333333,False,rho_A_lite:A==G(target_control_duplicate) x8; rho_A_lite:nu(structural_control) x30; rho_nu_lite:nu(structural_target) x30
lite,hea,vanilla,6,4,30,30,30,26,0.8666666666666667,True,2.805758799286904,45.276423083841614,3.017508071944078,0,0,0.0,False,,,,rho_A_lite,26,0.8666666666666667,0.8666666666666667,True,rho_A_lite:nu(structural_control) x30; rho_nu_lite:nu(structural_target) x30
lite,hea,vanilla,6,6,30,30,30,12,0.4,False,10.757163761487732,183.6749440675773,6.403447703934308,0,0,0.0,False,,,,rho_A_lite,12,0.4,0.4,False,rho_A_lite:nu(structural_control) x30; rho_nu_lite:nu(structural_target) x30
lite,hea,vanilla,6,8,30,30,29,10,0.3333333333333333,False,13.221768145818757,3253.892883849245,7.132139484903498,0,0,0.0,False,,,,rho_A_lite,10,0.3333333333333333,0.3333333333333333,False,rho_A_lite:A==G(target_control_duplicate) x1; rho_A_lite:nu(structural_control) x30; rho_nu_lite:nu(structural_target) x30
lite,hea,vanilla,8,4,30,30,30,30,1.0,True,1.788514144997277,6.012418803987624,2.221253977252558,0,0,0.0,False,,,,rho_A_lite,30,1.0,1.0,True,rho_A_lite:nu(structural_control) x30; rho_nu_lite:nu(structural_target) x30
lite,hea,vanilla,8,6,30,30,29,25,0.8333333333333334,True,2.686372086016532,19.191320206189474,2.937619483248316,0,0,0.0,False,,,,rho_A_lite,25,0.8333333333333334,0.8333333333333334,True,rho_A_lite:A==G(target_control_duplicate) x1; rho_A_lite:nu(structural_control) x30; rho_nu_lite:nu(structural_target) x30
lite,hea,vanilla,8,8,30,30,27,13,0.43333333333333335,False,17.155376105999277,8679.937508996905,8.161279977565465,0,0,0.0,False,,,,rho_A_lite,13,0.43333333333333335,0.43333333333333335,False,rho_A_lite:A==G(target_control_duplicate) x3; rho_A_lite:nu(structural_control) x30; rho_nu_lite:nu(structural_target) x30
lite,hea,vanilla,10,4,30,30,30,28,0.9333333333333333,True,1.7489474979690023,5.781540966383924,2.1878622175623157,0,0,0.0,False,,,,rho_A_lite,28,0.9333333333333333,0.9333333333333333,True,rho_A_lite:nu(structural_control) x30; rho_nu_lite:nu(structural_target) x30
lite,hea,vanilla,10,6,30,30,30,29,0.9666666666666667,True,2.271382231822006,5.465633604736434,2.634661798286558,0,0,0.0,False,,,,rho_A_lite,29,0.9666666666666667,0.9666666666666667,True,rho_A_lite:nu(structural_control) x30; rho_nu_lite:nu(structural_target) x30
lite,hea,vanilla,10,8,30,30,29,16,0.5333333333333333,False,6.29622240265203,1359.2941650610728,4.810579750041363,0,0,0.0,False,,,,rho_A_lite,16,0.5333333333333333,0.5333333333333333,False,rho_A_lite:A==G(target_control_duplicate) x1; rho_A_lite:nu(structural_control) x30; rho_nu_lite:nu(structural_target) x30
lite,hea,vanilla_ls_nm,4,4,30,30,28,19,0.6333333333333333,False,5.335448325018298,56.24548602954526,4.522605202793926,30,21,0.7,True,5.2234879902722415,51.777791396387684,4.436278570348593,rho_A_lite;rho_nu_lite,19,0.6333333333333333,0.6333333333333333,False,rho_A_lite:A==G(target_control_duplicate) x2; rho_nu_lite:A==G(control_duplicate) x2
lite,hea,vanilla_ls_nm,4,6,30,30,28,15,0.5,False,8.022389156578384,2275.9696938825887,5.9398988438734674,30,17,0.5666666666666667,False,5.964613595521192,2224.806790501005,4.91964625976158,rho_A_lite;rho_nu_lite,15,0.5,0.5,False,rho_A_lite:A==G(target_control_duplicate) x2; rho_nu_lite:A==G(control_duplicate) x2
lite,hea,vanilla_ls_nm,4,8,30,30,22,7,0.23333333333333334,False,64.536721104064,13020.01656839362,18.268660452704403,30,15,0.5,False,10.017264173335434,6076.065498117061,6.650007815509602,rho_A_lite;rho_nu_lite,7,0.23333333333333334,0.23333333333333334,False,rho_A_lite:A==G(target_control_duplicate) x8; rho_nu_lite:A==G(control_duplicate) x8
lite,hea,vanilla_ls_nm,6,4,30,30,30,26,0.8666666666666667,True,4.378305233132648,10.366412618161501,4.0244079594032645,30,26,0.8666666666666667,True,4.378305233132648,10.36641261816149,4.024407959403265,rho_A_lite;rho_nu_lite,26,0.8666666666666667,0.8666666666666667,True,
lite,hea,vanilla_ls_nm,6,6,30,30,30,18,0.6,False,7.512255015649817,31.526536290718603,5.497002037125061,30,18,0.6,False,7.512255015649817,31.526536290718603,5.497002037125062,rho_A_lite;rho_nu_lite,18,0.6,0.6,False,
lite,hea,vanilla_ls_nm,6,8,30,30,29,10,0.3333333333333333,False,20.590467465581277,153.36295643585524,9.450933810349621,30,11,0.36666666666666664,False,19.568817398447393,149.82873311467432,9.266193137536995,rho_A_lite;rho_nu_lite,10,0.3333333333333333,0.3333333333333333,False,rho_A_lite:A==G(target_control_duplicate) x1; rho_nu_lite:A==G(control_duplicate) x1
lite,hea,vanilla_ls_nm,8,4,30,30,30,26,0.8666666666666667,True,2.594729642838443,12.47579475888935,2.963909308867304,30,26,0.8666666666666667,True,2.594729642838443,12.47579475888935,2.9639093088673043,rho_A_lite;rho_nu_lite,26,0.8666666666666667,0.8666666666666667,True,
lite,hea,vanilla_ls_nm,8,6,30,30,30,26,0.8666666666666667,True,2.9926262234817234,11.918180568927776,3.224659931883995,30,26,0.8666666666666667,True,2.9926262234817234,11.918180568927767,3.224659931883995,rho_A_lite;rho_nu_lite,26,0.8666666666666667,0.8666666666666667,True,
lite,hea,vanilla_ls_nm,8,8,30,30,29,18,0.6,False,7.5435378542442795,63.66397121075961,5.326221145649046,30,19,0.6333333333333333,False,7.461613397118038,47.14559411928386,5.286094013870728,rho_A_lite;rho_nu_lite,18,0.6,0.6,False,rho_A_lite:A==G(target_control_duplicate) x1; rho_nu_lite:A==G(control_duplicate) x1
lite,hea,vanilla_ls_nm,10,4,30,30,30,26,0.8666666666666667,True,3.4974994102547665,10.3353708784611,3.531034471300382,30,26,0.8666666666666667,True,3.4974994102547665,10.3353708784611,3.5310344713003827,rho_A_lite;rho_nu_lite,26,0.8666666666666667,0.8666666666666667,True,
lite,hea,vanilla_ls_nm,10,6,30,30,30,28,0.9333333333333333,True,2.6972020924673457,6.806692177115926,2.9614970957215103,30,28,0.9333333333333333,True,2.6972020924673457,6.806692177115926,2.9614970957215085,rho_A_lite;rho_nu_lite,28,0.9333333333333333,0.9333333333333333,True,
lite,hea,vanilla_ls_nm,10,8,30,30,30,16,0.5333333333333333,False,9.205042628389482,16.750589544280682,6.085878643184724,30,16,0.5333333333333333,False,9.205042628389474,16.750589544280682,6.085878643184724,rho_A_lite;rho_nu_lite,16,0.5333333333333333,0.5333333333333333,False,
lite,hva,lso_grid,4,4,30,30,30,23,0.7666666666666667,True,4.3577889742794795,16.958090589338823,4.011015013588313,30,23,0.7666666666666667,True,4.357788974279481,16.958090589338823,4.0110150135883105,rho_A_lite;rho_nu_lite,23,0.7666666666666667,0.7666666666666667,True,
lite,hva,lso_grid,4,6,30,30,30,26,0.8666666666666667,True,3.429430249241871,11.92697639849536,3.419759380068111,30,26,0.8666666666666667,True,3.4294302492418716,11.92697639849536,3.419759380068113,rho_A_lite;rho_nu_lite,26,0.8666666666666667,0.8666666666666667,True,
lite,hva,lso_grid,4,8,30,30,30,24,0.8,True,2.3729515949299094,33.534910040881286,2.7539626378032063,30,24,0.8,True,2.3729515949299085,33.534910040881286,2.753962637803208,rho_A_lite;rho_nu_lite,24,0.8,0.8,True,
lite,hva,lso_grid,6,4,30,30,30,21,0.7,True,5.415734732731793,26.441152529909008,4.436517128680157,30,21,0.7,True,5.415734732731793,26.441152529909008,4.436517128680156,rho_A_lite;rho_nu_lite,21,0.7,0.7,True,
lite,hva,lso_grid,6,6,30,30,30,25,0.8333333333333334,True,4.49436371552007,34.44197767679527,4.069128937470923,30,25,0.8333333333333334,True,4.494363715520068,34.44197767679527,4.069128937470925,rho_A_lite;rho_nu_lite,25,0.8333333333333334,0.8333333333333334,True,
lite,hva,lso_grid,6,8,30,30,30,22,0.7333333333333333,True,4.466172202246504,43.26628452453317,4.054390147569895,30,22,0.7333333333333333,True,4.466172202246504,43.26628452453317,4.054390147569897,rho_A_lite;rho_nu_lite,22,0.7333333333333333,0.7333333333333333,True,
lite,hva,lso_grid,8,4,30,30,30,18,0.6,False,6.827874959822086,18.984875469419922,5.283789729465396,30,18,0.6,False,6.827874959822083,18.984875469419922,5.283789729465396,rho_A_lite;rho_nu_lite,18,0.6,0.6,False,
lite,hva,lso_grid,8,6,30,30,30,27,0.9,True,2.990441377751968,10.7268997274131,3.1560168316746475,30,27,0.9,True,2.990441377751968,10.7268997274131,3.156016831674646,rho_A_lite;rho_nu_lite,27,0.9,0.9,True,
lite,hva,lso_grid,8,8,30,30,30,23,0.7666666666666667,True,2.214871666726073,24.64692968167893,2.6016364352768173,30,23,0.7666666666666667,True,2.214871666726073,24.64692968167893,2.601636435276819,rho_A_lite;rho_nu_lite,23,0.7666666666666667,0.7666666666666667,True,
lite,hva,lso_grid,10,4,30,30,30,22,0.7333333333333333,True,5.758378744997505,25.788253137714456,4.6720389294152245,30,22,0.7333333333333333,True,5.758378744997503,25.788253137714456,4.672038929415224,rho_A_lite;rho_nu_lite,22,0.7333333333333333,0.7333333333333333,True,
lite,hva,lso_grid,10,6,30,30,30,28,0.9333333333333333,True,3.29663013386938,6.6736481728231505,3.331401593369687,30,28,0.9333333333333333,True,3.29663013386938,6.6736481728231505,3.331401593369687,rho_A_lite;rho_nu_lite,28,0.9333333333333333,0.9333333333333333,True,
lite,hva,lso_grid,10,8,30,30,30,23,0.7666666666666667,True,3.348267244057422,51.036540575889546,3.374302763521737,30,23,0.7666666666666667,True,3.348267244057424,51.036540575889546,3.3743027635217384,rho_A_lite;rho_nu_lite,23,0.7666666666666667,0.7666666666666667,True,
lite,hva,lso_pcgrad,4,4,30,30,30,12,0.4,False,33.59047213508814,740.7686415059209,11.725367714928968,30,12,0.4,False,33.59047213508814,740.7686415059209,11.725367714928968,rho_A_lite;rho_nu_lite,12,0.4,0.4,False,
lite,hva,lso_pcgrad,4,6,30,30,30,10,0.3333333333333333,False,79.40083802543018,9131.923985452459,18.87167782763864,30,10,0.3333333333333333,False,79.40083802543018,9131.923985452459,18.871677827638653,rho_A_lite;rho_nu_lite,10,0.3333333333333333,0.3333333333333333,False,
lite,hva,lso_pcgrad,4,8,30,30,30,11,0.36666666666666664,False,30.98064720052307,2043.2579518216437,12.183156556374886,30,11,0.36666666666666664,False,30.98064720052307,2043.2579518216437,12.183156556374879,rho_A_lite;rho_nu_lite,11,0.36666666666666664,0.36666666666666664,False,
lite,hva,lso_pcgrad,6,4,30,30,30,11,0.36666666666666664,False,18.03624584645125,135.57857906770397,8.41524032535062,30,11,0.36666666666666664,False,18.036245846451273,135.57857906770397,8.415240325350618,rho_A_lite;rho_nu_lite,11,0.36666666666666664,0.36666666666666664,False,
lite,hva,lso_pcgrad,6,6,30,30,30,12,0.4,False,14.199230179991018,749.172319068198,7.586509358146926,30,12,0.4,False,14.199230179991018,749.172319068198,7.58650935814692,rho_A_lite;rho_nu_lite,12,0.4,0.4,False,
lite,hva,lso_pcgrad,6,8,30,30,30,6,0.2,False,70.39680329951331,4330.782727089692,18.09033863214566,30,6,0.2,False,70.39680329951331,4330.782727089692,18.090338632145674,rho_A_lite;rho_nu_lite,6,0.2,0.2,False,
lite,hva,lso_pcgrad,8,4,30,30,30,10,0.3333333333333333,False,27.833303344588167,370.04715340741893,10.883363367419488,30,10,0.3333333333333333,False,27.833303344588167,370.04715340741893,10.883363367419484,rho_A_lite;rho_nu_lite,10,0.3333333333333333,0.3333333333333333,False,
lite,hva,lso_pcgrad,8,6,30,30,30,12,0.4,False,27.22931154188776,638.0839180707005,10.958795550322213,30,12,0.4,False,27.22931154188776,638.0839180707005,10.958795550322215,rho_A_lite;rho_nu_lite,12,0.4,0.4,False,
lite,hva,lso_pcgrad,8,8,30,30,30,11,0.36666666666666664,False,23.835416174152424,1239.0617992710502,10.424714664511303,30,11,0.36666666666666664,False,23.835416174152424,1239.0617992710502,10.4247146645113,rho_A_lite;rho_nu_lite,11,0.36666666666666664,0.36666666666666664,False,
lite,hva,lso_pcgrad,10,4,30,30,30,16,0.5333333333333333,False,8.978759842274044,317.4917232096116,5.970099970611988,30,16,0.5333333333333333,False,8.978759842274044,317.4917232096116,5.970099970611985,rho_A_lite;rho_nu_lite,16,0.5333333333333333,0.5333333333333333,False,
lite,hva,lso_pcgrad,10,6,30,30,30,11,0.36666666666666664,False,17.33234390146742,1590.5755528654558,8.620451536108668,30,11,0.36666666666666664,False,17.33234390146742,1590.5755528654558,8.620451536108671,rho_A_lite;rho_nu_lite,11,0.36666666666666664,0.36666666666666664,False,
lite,hva,lso_pcgrad,10,8,30,30,29,5,0.16666666666666666,False,319.41823549764814,3104.734901646734,37.82155894072566,30,6,0.2,False,281.22330629936846,3091.84685422524,37.39127925333578,rho_A_lite;rho_nu_lite,5,0.16666666666666666,0.16666666666666666,False,rho_A_lite:A==G(target_control_duplicate) x1; rho_nu_lite:A==G(control_duplicate) x1
lite,hva,pcgrad,4,4,30,30,30,30,1.0,True,2.0881307995683502,3.475527525148697,2.5034980948996766,30,30,1.0,True,2.0881307995683502,3.4755275251486983,2.503498094899677,rho_A_lite;rho_nu_lite,30,1.0,1.0,True,
lite,hva,pcgrad,4,6,30,30,30,30,1.0,True,2.031479514244677,5.4373162498843435,2.474760130865617,30,30,1.0,True,2.0314795142446775,5.4373162498843435,2.474760130865616,rho_A_lite;rho_nu_lite,30,1.0,1.0,True,
lite,hva,pcgrad,4,8,30,30,30,29,0.9666666666666667,True,3.545295510371427,6.566382066919183,3.609194963635431,30,29,0.9666666666666667,True,3.545295510371427,6.566382066919182,3.609194963635432,rho_A_lite;rho_nu_lite,29,0.9666666666666667,0.9666666666666667,True,
lite,hva,pcgrad,6,4,30,30,30,29,0.9666666666666667,True,2.0876113397476503,4.6573518410290635,2.5382259807320793,30,29,0.9666666666666667,True,2.0876113397476503,4.6573518410290635,2.5382259807320784,rho_A_lite;rho_nu_lite,29,0.9666666666666667,0.9666666666666667,True,
lite,hva,pcgrad,6,6,30,30,30,30,1.0,True,2.498407983793925,4.847062144454706,2.89291722979001,30,30,1.0,True,2.498407983793925,4.847062144454706,2.8929172297900103,rho_A_lite;rho_nu_lite,30,1.0,1.0,True,
lite,hva,pcgrad,6,8,30,30,30,30,1.0,True,2.955821242427621,4.821314349477499,3.2126596225991477,30,30,1.0,True,2.9558212424276205,4.821314349477497,3.2126596225991486,rho_A_lite;rho_nu_lite,30,1.0,1.0,True,
lite,hva,pcgrad,8,4,30,30,30,30,1.0,True,1.6484039530622183,3.190273899177039,2.1162281881493348,30,30,1.0,True,1.6484039530622183,3.190273899177039,2.1162281881493348,rho_A_lite;rho_nu_lite,30,1.0,1.0,True,
lite,hva,pcgrad,8,6,30,30,30,30,1.0,True,2.1323746209059964,3.5167764396227046,2.549513578847737,30,30,1.0,True,2.1323746209059964,3.5167764396227046,2.549513578847738,rho_A_lite;rho_nu_lite,30,1.0,1.0,True,
lite,hva,pcgrad,8,8,30,30,30,30,1.0,True,4.000414406763051,7.386810476179823,3.7375074921739486,30,30,1.0,True,4.000414406763051,7.3868104761798286,3.7375074921739486,rho_A_lite;rho_nu_lite,30,1.0,1.0,True,
lite,hva,pcgrad,10,4,30,30,30,30,1.0,True,1.7733257288813955,3.726339534402102,2.226006492456204,30,30,1.0,True,1.7733257288813955,3.726339534402102,2.2260064924562046,rho_A_lite;rho_nu_lite,30,1.0,1.0,True,
lite,hva,pcgrad,10,6,30,30,30,30,1.0,True,2.2035330935199178,3.680754619527718,2.6065016127640135,30,30,1.0,True,2.2035330935199178,3.6807546195277183,2.6065016127640135,rho_A_lite;rho_nu_lite,30,1.0,1.0,True,
lite,hva,pcgrad,10,8,30,30,30,29,0.9666666666666667,True,3.868709823358913,6.5640653760462975,3.742220957121675,30,29,0.9666666666666667,True,3.868709823358913,6.5640653760462975,3.742220957121676,rho_A_lite;rho_nu_lite,29,0.9666666666666667,0.9666666666666667,True,
lite,hva,pcgrad_nm,4,4,30,30,30,30,1.0,True,1.0742128708952783,1.2697336251245153,1.3021166284128882,0,0,0.0,False,,,,rho_A_lite,30,1.0,1.0,True,rho_A_lite:nu(structural_control) x30; rho_nu_lite:nu(structural_target) x30
lite,hva,pcgrad_nm,4,6,30,30,30,30,1.0,True,1.021369888904255,1.462938121593723,1.1555705550189694,0,0,0.0,False,,,,rho_A_lite,30,1.0,1.0,True,rho_A_lite:nu(structural_control) x30; rho_nu_lite:nu(structural_target) x30
lite,hva,pcgrad_nm,4,8,30,30,30,30,1.0,True,1.030774379141624,1.184725965686235,1.190644318462272,0,0,0.0,False,,,,rho_A_lite,30,1.0,1.0,True,rho_A_lite:nu(structural_control) x30; rho_nu_lite:nu(structural_target) x30
lite,hva,pcgrad_nm,6,4,30,30,30,30,1.0,True,1.0764829111269134,1.6983629403233291,1.3136726630956959,0,0,0.0,False,,,,rho_A_lite,30,1.0,1.0,True,rho_A_lite:nu(structural_control) x30; rho_nu_lite:nu(structural_target) x30
lite,hva,pcgrad_nm,6,6,30,30,30,30,1.0,True,1.0704869643167232,1.3522621714301242,1.2961808429864399,0,0,0.0,False,,,,rho_A_lite,30,1.0,1.0,True,rho_A_lite:nu(structural_control) x30; rho_nu_lite:nu(structural_target) x30
lite,hva,pcgrad_nm,6,8,30,30,30,30,1.0,True,1.05400083607978,1.2417317215564931,1.2589968291398295,0,0,0.0,False,,,,rho_A_lite,30,1.0,1.0,True,rho_A_lite:nu(structural_control) x30; rho_nu_lite:nu(structural_target) x30
lite,hva,pcgrad_nm,8,4,30,30,30,30,1.0,True,1.0810231818064495,1.3724380331723833,1.3237899899297054,0,0,0.0,False,,,,rho_A_lite,30,1.0,1.0,True,rho_A_lite:nu(structural_control) x30; rho_nu_lite:nu(structural_target) x30
lite,hva,pcgrad_nm,8,6,30,30,30,30,1.0,True,1.0573984630004287,1.2659251991009737,1.2677126440172355,0,0,0.0,False,,,,rho_A_lite,30,1.0,1.0,True,rho_A_lite:nu(structural_control) x30; rho_nu_lite:nu(structural_target) x30
lite,hva,pcgrad_nm,8,8,30,30,30,30,1.0,True,1.08667881302281,1.3849969046602428,1.3368491613004678,0,0,0.0,False,,,,rho_A_lite,30,1.0,1.0,True,rho_A_lite:nu(structural_control) x30; rho_nu_lite:nu(structural_target) x30
lite,hva,pcgrad_nm,10,4,30,30,30,30,1.0,True,1.0628813318691988,1.362583365780245,1.2799067241200297,0,0,0.0,False,,,,rho_A_lite,30,1.0,1.0,True,rho_A_lite:nu(structural_control) x30; rho_nu_lite:nu(structural_target) x30
lite,hva,pcgrad_nm,10,6,30,30,30,30,1.0,True,1.0576995173799815,1.4101400508730948,1.2675365291099197,0,0,0.0,False,,,,rho_A_lite,30,1.0,1.0,True,rho_A_lite:nu(structural_control) x30; rho_nu_lite:nu(structural_target) x30
lite,hva,pcgrad_nm,10,8,30,30,30,30,1.0,True,1.068446018040173,1.6786272015406831,1.2952691221185202,0,0,0.0,False,,,,rho_A_lite,30,1.0,1.0,True,rho_A_lite:nu(structural_control) x30; rho_nu_lite:nu(structural_target) x30
lite,hva,vanilla,4,4,30,30,28,11,0.36666666666666664,False,20.673742833854917,8332.750008697785,8.975163735465784,0,0,0.0,False,,,,rho_A_lite,11,0.36666666666666664,0.36666666666666664,False,rho_A_lite:A==G(target_control_duplicate) x2; rho_A_lite:nu(structural_control) x30; rho_nu_lite:nu(structural_target) x30
lite,hva,vanilla,4,6,30,30,25,11,0.36666666666666664,False,10.60198161008105,1030.7452277369612,6.354774869764751,0,0,0.0,False,,,,rho_A_lite,11,0.36666666666666664,0.36666666666666664,False,rho_A_lite:A==G(target_control_duplicate) x5; rho_A_lite:nu(structural_control) x30; rho_nu_lite:nu(structural_target) x30
lite,hva,vanilla,4,8,30,30,28,13,0.43333333333333335,False,11.304797568215221,3472.125018003449,6.564694135866031,0,0,0.0,False,,,,rho_A_lite,13,0.43333333333333335,0.43333333333333335,False,rho_A_lite:A==G(target_control_duplicate) x2; rho_A_lite:nu(structural_control) x30; rho_nu_lite:nu(structural_target) x30
lite,hva,vanilla,6,4,30,30,28,10,0.3333333333333333,False,15.6047905074203,68.98893334094083,7.771006481507891,0,0,0.0,False,,,,rho_A_lite,10,0.3333333333333333,0.3333333333333333,False,rho_A_lite:A==G(target_control_duplicate) x2; rho_A_lite:nu(structural_control) x30; rho_nu_lite:nu(structural_target) x30
lite,hva,vanilla,6,6,30,30,28,18,0.6,False,6.262179904229683,3124.9375201036833,4.795597680587456,0,0,0.0,False,,,,rho_A_lite,18,0.6,0.6,False,rho_A_lite:A==G(target_control_duplicate) x2; rho_A_lite:nu(structural_control) x30; rho_nu_lite:nu(structural_target) x30
lite,hva,vanilla,6,8,30,30,30,14,0.4666666666666667,False,16.928532375273218,6398.419652907177,8.101540587842912,0,0,0.0,False,,,,rho_A_lite,14,0.4666666666666667,0.4666666666666667,False,rho_A_lite:nu(structural_control) x30; rho_nu_lite:nu(structural_target) x30
lite,hva,vanilla,8,4,30,30,27,14,0.4666666666666667,False,9.792665605818579,84.55112255763257,6.094566431360552,0,0,0.0,False,,,,rho_A_lite,14,0.4666666666666667,0.4666666666666667,False,rho_A_lite:A==G(target_control_duplicate) x3; rho_A_lite:nu(structural_control) x30; rho_nu_lite:nu(structural_target) x30
lite,hva,vanilla,8,6,30,30,27,15,0.5,False,6.943894718293864,326.48787504244734,5.073137479802614,0,0,0.0,False,,,,rho_A_lite,15,0.5,0.5,False,rho_A_lite:A==G(target_control_duplicate) x3; rho_A_lite:nu(structural_control) x30; rho_nu_lite:nu(structural_target) x30
lite,hva,vanilla,8,8,30,30,28,15,0.5,False,7.450555990625418,17359.62500673801,5.19159969315476,0,0,0.0,False,,,,rho_A_lite,15,0.5,0.5,False,rho_A_lite:A==G(target_control_duplicate) x2; rho_A_lite:nu(structural_control) x30; rho_nu_lite:nu(structural_target) x30
lite,hva,vanilla,10,4,30,30,28,20,0.6666666666666666,True,5.245928634952877,53.87420606200981,4.34946874513244,0,0,0.0,False,,,,rho_A_lite,20,0.6666666666666666,0.6666666666666666,True,rho_A_lite:A==G(target_control_duplicate) x2; rho_A_lite:nu(structural_control) x30; rho_nu_lite:nu(structural_target) x30
lite,hva,vanilla,10,6,30,30,29,15,0.5,False,9.26329866152317,748.574021876978,5.918162157322418,0,0,0.0,False,,,,rho_A_lite,15,0.5,0.5,False,rho_A_lite:A==G(target_control_duplicate) x1; rho_A_lite:nu(structural_control) x30; rho_nu_lite:nu(structural_target) x30
lite,hva,vanilla,10,8,30,30,28,7,0.23333333333333334,False,55.19013972961314,11457.437505543972,14.670050558389942,0,0,0.0,False,,,,rho_A_lite,7,0.23333333333333334,0.23333333333333334,False,rho_A_lite:A==G(target_control_duplicate) x2; rho_A_lite:nu(structural_control) x30; rho_nu_lite:nu(structural_target) x30
lite,hva,vanilla_ls_nm,4,4,30,30,27,9,0.3,False,25.074035556663812,218.119512014967,9.981642980704455,30,12,0.4,False,18.836906657026347,191.0597311071444,9.046102081151647,rho_A_lite;rho_nu_lite,9,0.3,0.3,False,rho_A_lite:A==G(target_control_duplicate) x3; rho_nu_lite:A==G(control_duplicate) x3
lite,hva,vanilla_ls_nm,4,6,30,30,29,12,0.4,False,11.140590211036956,164.77802646853138,6.9431027253729285,30,13,0.43333333333333335,False,10.807447694384617,138.65869467960783,6.9049883991007315,rho_A_lite;rho_nu_lite,12,0.4,0.4,False,rho_A_lite:A==G(target_control_duplicate) x1; rho_nu_lite:A==G(control_duplicate) x1
lite,hva,vanilla_ls_nm,4,8,30,30,29,14,0.4666666666666667,False,11.218246909926707,5341.824853518947,7.110289327800526,30,15,0.5,False,9.480207661837511,4273.476759999189,6.309671611344439,rho_A_lite;rho_nu_lite,14,0.4666666666666667,0.4666666666666667,False,rho_A_lite:A==G(target_control_duplicate) x1; rho_nu_lite:A==G(control_duplicate) x1
lite,hva,vanilla_ls_nm,6,4,30,30,29,14,0.4666666666666667,False,10.480876238962644,98.80070329667076,6.360302736500487,30,15,0.5,False,10.104911874037569,89.31363738486245,6.316381405264853,rho_A_lite;rho_nu_lite,14,0.4666666666666667,0.4666666666666667,False,rho_A_lite:A==G(target_control_duplicate) x1; rho_nu_lite:A==G(control_duplicate) x1
lite,hva,vanilla_ls_nm,6,6,30,30,27,16,0.5333333333333333,False,7.109277007419961,1292.346652314559,5.4174886919659215,30,19,0.6333333333333333,False,6.813652419914499,1243.9564721643555,5.183371246789953,rho_A_lite;rho_nu_lite,16,0.5333333333333333,0.5333333333333333,False,rho_A_lite:A==G(target_control_duplicate) x3; rho_nu_lite:A==G(control_duplicate) x3
lite,hva,vanilla_ls_nm,6,8,30,30,29,12,0.4,False,23.57419464033986,7174.097713706999,10.584901524811123,30,13,0.43333333333333335,False,22.32663860039309,6218.62268275739,9.835662301308304,rho_A_lite;rho_nu_lite,12,0.4,0.4,False,rho_A_lite:A==G(target_control_duplicate) x1; rho_nu_lite:A==G(control_duplicate) x1
lite,hva,vanilla_ls_nm,8,4,30,30,28,16,0.5333333333333333,False,7.529169498533971,94.33359656092178,5.516253176197816,30,18,0.6,False,7.110054626494084,92.8305128790029,5.335219571977025,rho_A_lite;rho_nu_lite,16,0.5333333333333333,0.5333333333333333,False,rho_A_lite:A==G(target_control_duplicate) x2; rho_nu_lite:A==G(control_duplicate) x2
lite,hva,vanilla_ls_nm,8,6,30,30,29,15,0.5,False,8.673841086975145,1129.8930591633816,6.153061126015849,30,16,0.5333333333333333,False,8.334478974924542,1053.912052854906,5.812726609022979,rho_A_lite;rho_nu_lite,15,0.5,0.5,False,rho_A_lite:A==G(target_control_duplicate) x1; rho_nu_lite:A==G(control_duplicate) x1
lite,hva,vanilla_ls_nm,8,8,30,30,28,12,0.4,False,14.377913800547407,310.65718083724323,7.656117709137714,30,14,0.4666666666666667,False,11.930261674377153,276.5020713350159,6.912843031489178,rho_A_lite;rho_nu_lite,12,0.4,0.4,False,rho_A_lite:A==G(target_control_duplicate) x2; rho_nu_lite:A==G(control_duplicate) x2
lite,hva,vanilla_ls_nm,10,4,30,30,28,16,0.5333333333333333,False,6.394626704918714,180.92105059892128,5.0601165440940274,30,18,0.6,False,4.868371191742187,179.67694896486552,4.229259938994193,rho_A_lite;rho_nu_lite,16,0.5333333333333333,0.5333333333333333,False,rho_A_lite:A==G(target_control_duplicate) x2; rho_nu_lite:A==G(control_duplicate) x2
lite,hva,vanilla_ls_nm,10,6,30,30,29,16,0.5333333333333333,False,5.944250757665143,407.468563036611,4.769989626685776,30,17,0.5666666666666667,False,5.763624920008345,406.53804851341954,4.739133049098569,rho_A_lite;rho_nu_lite,16,0.5333333333333333,0.5333333333333333,False,rho_A_lite:A==G(target_control_duplicate) x1; rho_nu_lite:A==G(control_duplicate) x1
lite,hva,vanilla_ls_nm,10,8,30,30,28,11,0.36666666666666664,False,21.801843399169613,4460.982962360989,9.568531507558351,30,13,0.43333333333333335,False,16.805584237354896,3224.4977970693694,8.6771997117966,rho_A_lite;rho_nu_lite,11,0.36666666666666664,0.36666666666666664,False,rho_A_lite:A==G(target_control_duplicate) x2; rho_nu_lite:A==G(control_duplicate) x2
